-- MySQL dump 10.13  Distrib 5.7.16, for Win64 (x86_64)
--
-- Host: 192.168.0.203    Database: mobile_population
-- ------------------------------------------------------
-- Server version	5.7.16

/*!40101 SET @OLD_CHARACTER_SET_CLIENT=@@CHARACTER_SET_CLIENT */;
/*!40101 SET @OLD_CHARACTER_SET_RESULTS=@@CHARACTER_SET_RESULTS */;
/*!40101 SET @OLD_COLLATION_CONNECTION=@@COLLATION_CONNECTION */;
/*!40101 SET NAMES utf8 */;
/*!40103 SET @OLD_TIME_ZONE=@@TIME_ZONE */;
/*!40103 SET TIME_ZONE='+00:00' */;
/*!40014 SET @OLD_UNIQUE_CHECKS=@@UNIQUE_CHECKS, UNIQUE_CHECKS=0 */;
/*!40014 SET @OLD_FOREIGN_KEY_CHECKS=@@FOREIGN_KEY_CHECKS, FOREIGN_KEY_CHECKS=0 */;
/*!40101 SET @OLD_SQL_MODE=@@SQL_MODE, SQL_MODE='NO_AUTO_VALUE_ON_ZERO' */;
/*!40111 SET @OLD_SQL_NOTES=@@SQL_NOTES, SQL_NOTES=0 */;

--
-- Table structure for table `abnormal_open_record`
--

DROP TABLE IF EXISTS `abnormal_open_record`;
/*!40101 SET @saved_cs_client     = @@character_set_client */;
/*!40101 SET character_set_client = utf8 */;
CREATE TABLE `abnormal_open_record` (
  `id` bigint(20) unsigned NOT NULL AUTO_INCREMENT COMMENT '自增主键',
  PRIMARY KEY (`id`),
  UNIQUE KEY `id_UNIQUE` (`id`)
) ENGINE=InnoDB DEFAULT CHARSET=utf8 COMMENT='异常开门记录';
/*!40101 SET character_set_client = @saved_cs_client */;

--
-- Dumping data for table `abnormal_open_record`
--

LOCK TABLES `abnormal_open_record` WRITE;
/*!40000 ALTER TABLE `abnormal_open_record` DISABLE KEYS */;
/*!40000 ALTER TABLE `abnormal_open_record` ENABLE KEYS */;
UNLOCK TABLES;

--
-- Table structure for table `card_info`
--

DROP TABLE IF EXISTS `card_info`;
/*!40101 SET @saved_cs_client     = @@character_set_client */;
/*!40101 SET character_set_client = utf8 */;
CREATE TABLE `card_info` (
  `id` bigint(20) unsigned NOT NULL AUTO_INCREMENT,
  `physical_id` bigint(20) unsigned NOT NULL COMMENT '卡物理ID',
  `card_type` tinyint(4) unsigned NOT NULL DEFAULT '0' COMMENT '卡类型，0是身份证，1是其他卡，默认值为0',
  `remark` varchar(45) DEFAULT NULL COMMENT '卡片备注信息，若卡类型为身份证，备注信息为身份证号，若卡类型为',
  `gmt_create` datetime DEFAULT NULL,
  `gmt_modified` datetime DEFAULT NULL,
  `status` tinyint(4) unsigned NOT NULL DEFAULT '1' COMMENT '卡状态，1是正常，0是挂失',
  PRIMARY KEY (`id`),
  UNIQUE KEY `id_UNIQUE` (`id`),
  UNIQUE KEY `physical_id_UNIQUE` (`physical_id`)
) ENGINE=InnoDB AUTO_INCREMENT=164 DEFAULT CHARSET=utf8;
/*!40101 SET character_set_client = @saved_cs_client */;

--
-- Dumping data for table `card_info`
--

LOCK TABLES `card_info` WRITE;
/*!40000 ALTER TABLE `card_info` DISABLE KEYS */;
/*!40000 ALTER TABLE `card_info` ENABLE KEYS */;
UNLOCK TABLES;

--
-- Table structure for table `category_integer`
--

DROP TABLE IF EXISTS `category_integer`;
/*!40101 SET @saved_cs_client     = @@character_set_client */;
/*!40101 SET character_set_client = utf8 */;
CREATE TABLE `category_integer` (
  `id` bigint(20) unsigned NOT NULL AUTO_INCREMENT,
  `gmt_create` datetime DEFAULT NULL COMMENT '创建时间',
  `gmt_modified` datetime DEFAULT NULL COMMENT '修改时间',
  `catelog` varchar(36) NOT NULL COMMENT '分类目录',
  `value` tinyint(4) unsigned NOT NULL COMMENT '值',
  `label` varchar(45) NOT NULL COMMENT '标识',
  `gmt_update` datetime DEFAULT NULL,
  PRIMARY KEY (`id`),
  UNIQUE KEY `id_UNIQUE` (`id`)
) ENGINE=InnoDB DEFAULT CHARSET=utf8 COMMENT='分类（数据字典）';
/*!40101 SET character_set_client = @saved_cs_client */;

--
-- Dumping data for table `category_integer`
--

LOCK TABLES `category_integer` WRITE;
/*!40000 ALTER TABLE `category_integer` DISABLE KEYS */;
/*!40000 ALTER TABLE `category_integer` ENABLE KEYS */;
UNLOCK TABLES;

--
-- Table structure for table `door`
--

DROP TABLE IF EXISTS `door`;
/*!40101 SET @saved_cs_client     = @@character_set_client */;
/*!40101 SET character_set_client = utf8 */;
CREATE TABLE `door` (
  `id` bigint(20) unsigned NOT NULL AUTO_INCREMENT COMMENT '自增主键',
  `door_type` tinyint(1) unsigned NOT NULL DEFAULT '0' COMMENT '门点类型，0是入户门，1是公共门，默认值为0',
  `region_code` varchar(45) NOT NULL COMMENT '门点所属区域编码',
  `location` varchar(45) NOT NULL COMMENT '门点位置',
  `gmt_create` datetime DEFAULT NULL,
  `gmt_update` datetime DEFAULT NULL,
  `door_identifier` char(32) DEFAULT NULL COMMENT '门点标识',
  PRIMARY KEY (`id`),
  UNIQUE KEY `id_UNIQUE` (`id`),
  UNIQUE KEY `door_identifier_UNIQUE` (`door_identifier`)
) ENGINE=InnoDB AUTO_INCREMENT=79 DEFAULT CHARSET=utf8 COMMENT='门点';
/*!40101 SET character_set_client = @saved_cs_client */;

--
-- Dumping data for table `door`
--

LOCK TABLES `door` WRITE;
/*!40000 ALTER TABLE `door` DISABLE KEYS */;
INSERT INTO `door` VALUES (1,1,'330782003003','南溪润景1幢2单元','2017-04-19 17:46:26','2017-04-28 17:45:51','f5b661672eb24b039ecd222834d0d522'),(2,1,'330782003003','南溪润景10幢2单元','2017-04-20 17:46:31','2017-04-28 17:46:11','f5b661672eb24b039ecd222834d0d355'),(3,1,'330782003003','北溪润景12幢2单元','2017-04-20 13:49:19','2017-04-28 17:51:25','f5b661672eb24b039ecd222834d01232'),(4,1,'330782001003','东溪润景1幢2单元','2017-04-20 13:46:58','2017-04-20 13:47:03','f5b661672eb24b0391cd222834d0d5d2'),(5,1,'330782001003','仓溢绿苑2幢2单元','2017-04-20 13:47:54','2017-04-21 15:15:24','f5b661672eb24b0391cd222834d0d5d3'),(6,0,'330782001003','仓溢绿苑1幢1单元101','2017-04-20 13:48:00','2017-04-20 13:48:03','f5b661672eb24b0391cd222834d0d5d4'),(7,0,'532901102002','西溪润景6幢2单元201','2017-04-20 13:48:05','2017-04-20 13:48:08','f5b661672eb24b0391cd222834d0d5d5'),(35,1,'330782001003','西溪润景1幢2单元','2017-04-21 15:16:48','2017-04-21 15:23:29','f5b661672eb24b0391cd222834d0d5d6'),(36,1,'330782001003','北溪润景4幢2单元','2017-04-21 15:19:05','2017-04-25 13:45:38','f5b661672eb24b0391cd222834d0d5d1'),(78,1,'330782001003','海创园1幢1单元','2017-05-10 11:31:54','2017-05-10 11:31:56','f5b661672eb24b0391cd222834d0d5a1');
/*!40000 ALTER TABLE `door` ENABLE KEYS */;
UNLOCK TABLES;

--
-- Table structure for table `house`
--

DROP TABLE IF EXISTS `house`;
/*!40101 SET @saved_cs_client     = @@character_set_client */;
/*!40101 SET character_set_client = utf8 */;
CREATE TABLE `house` (
  `id` bigint(20) unsigned NOT NULL AUTO_INCREMENT COMMENT '自增主键',
  `house_owner_id` bigint(20) unsigned NOT NULL,
  `name` varchar(45) NOT NULL,
  `door_id` bigint(20) unsigned DEFAULT NULL,
  PRIMARY KEY (`id`),
  UNIQUE KEY `id_UNIQUE` (`id`),
  KEY `fk_house_house_owner1_idx` (`house_owner_id`),
  KEY `fk_house_door1_idx` (`door_id`),
  CONSTRAINT `fk_house_door1` FOREIGN KEY (`door_id`) REFERENCES `door` (`id`) ON DELETE NO ACTION ON UPDATE NO ACTION,
  CONSTRAINT `fk_house_house_owner1` FOREIGN KEY (`house_owner_id`) REFERENCES `house_owner` (`id`) ON DELETE NO ACTION ON UPDATE NO ACTION
) ENGINE=InnoDB AUTO_INCREMENT=78 DEFAULT CHARSET=utf8 COMMENT='房屋信息';
/*!40101 SET character_set_client = @saved_cs_client */;

--
-- Dumping data for table `house`
--

LOCK TABLES `house` WRITE;
/*!40000 ALTER TABLE `house` DISABLE KEYS */;
INSERT INTO `house` VALUES (1,18,'南溪润景1幢2单元901',1),(2,18,'南溪润景10幢2单元201',2),(3,18,'北溪润景12幢2单元101',3),(4,16,'北溪润景12幢2单元201',3),(5,16,'南溪润景1幢2单元201',1),(52,15,'东溪润景1幢2单元201',4),(55,16,'东溪润景1幢2单元202',4),(57,17,'西溪润景1幢2单元101',35),(62,15,'西溪润景1幢2单元201',35),(63,15,'西溪润景1幢2单元301',35),(64,15,'西溪润景1幢2单元401',35),(65,15,'西溪润景1幢2单元402',35),(66,15,'西溪润景1幢2单元403',35),(67,15,'北溪润景4幢2单元101',36),(68,15,'北溪润景4幢2单元201',36),(69,15,'北溪润景4幢2单元301',36),(70,15,'北溪润景4幢2单元401',36),(71,15,'西溪润景6幢2单元201',7),(72,18,'仓溢绿苑1幢1单元101',6),(73,18,'仓溢绿苑2幢2单元201',5),(74,15,'仓宜兰园',5),(75,19,'沧海桑田',3),(76,15,'仓溢绿苑56栋二单元602',NULL),(77,19,'仓溢绿苑1栋1单元101',6);
/*!40000 ALTER TABLE `house` ENABLE KEYS */;
UNLOCK TABLES;

--
-- Table structure for table `house_has_renter`
--

DROP TABLE IF EXISTS `house_has_renter`;
/*!40101 SET @saved_cs_client     = @@character_set_client */;
/*!40101 SET character_set_client = utf8 */;
CREATE TABLE `house_has_renter` (
  `id` bigint(20) unsigned NOT NULL AUTO_INCREMENT,
  `house_id` bigint(20) unsigned NOT NULL,
  `renter_id` bigint(20) unsigned NOT NULL,
  `start_date` datetime NOT NULL,
  `end_date` datetime NOT NULL,
  `gmt_create` datetime DEFAULT NULL,
  `gmt_modified` datetime DEFAULT NULL,
  PRIMARY KEY (`id`,`house_id`,`renter_id`),
  UNIQUE KEY `id_UNIQUE` (`id`),
  KEY `fk_house_has_renter_renter1_idx` (`renter_id`),
  KEY `fk_house_has_renter_house1_idx` (`house_id`),
  CONSTRAINT `fk_house_has_renter_house1` FOREIGN KEY (`house_id`) REFERENCES `house` (`id`) ON DELETE NO ACTION ON UPDATE NO ACTION,
  CONSTRAINT `fk_house_has_renter_renter1` FOREIGN KEY (`renter_id`) REFERENCES `renter` (`id`) ON DELETE NO ACTION ON UPDATE NO ACTION
) ENGINE=InnoDB AUTO_INCREMENT=161 DEFAULT CHARSET=utf8;
/*!40101 SET character_set_client = @saved_cs_client */;

--
-- Dumping data for table `house_has_renter`
--

LOCK TABLES `house_has_renter` WRITE;
/*!40000 ALTER TABLE `house_has_renter` DISABLE KEYS */;
INSERT INTO `house_has_renter` VALUES (160,72,19,'2017-05-17 00:00:00','2017-05-17 23:59:59','2017-05-17 18:16:29','2017-05-17 18:16:29');
/*!40000 ALTER TABLE `house_has_renter` ENABLE KEYS */;
UNLOCK TABLES;

--
-- Table structure for table `house_owner`
--

DROP TABLE IF EXISTS `house_owner`;
/*!40101 SET @saved_cs_client     = @@character_set_client */;
/*!40101 SET character_set_client = utf8 */;
CREATE TABLE `house_owner` (
  `id` bigint(20) unsigned NOT NULL AUTO_INCREMENT COMMENT '自增主键',
  `name` varchar(45) NOT NULL COMMENT '房主姓名',
  `gender` tinyint(4) NOT NULL DEFAULT '0' COMMENT '性别，默认值为0表示未知',
  `credentials_type` tinyint(4) NOT NULL DEFAULT '0' COMMENT '证件类型',
  `credentials_number` varchar(45) NOT NULL COMMENT '证件号码',
  `birth_date` date DEFAULT NULL COMMENT '出生日期',
  `residence_address` varchar(120) NOT NULL COMMENT '户籍地址',
  `gmt_create` datetime DEFAULT NULL,
  `gmt_modified` datetime DEFAULT NULL,
  `nation` tinyint(4) DEFAULT NULL COMMENT '民族',
  `phone` varchar(45) DEFAULT NULL COMMENT '电话',
  `sign_apartment` varchar(45) DEFAULT NULL COMMENT '签发机关',
  `credentials_valid_start_date` datetime DEFAULT NULL COMMENT '证件有效期限开始时间',
  `credentials_valid_end_date` datetime DEFAULT NULL COMMENT '证件有效期限结束时间',
  PRIMARY KEY (`id`,`gender`,`credentials_type`),
  UNIQUE KEY `id_UNIQUE` (`id`)
) ENGINE=InnoDB AUTO_INCREMENT=20 DEFAULT CHARSET=utf8 COMMENT='房主';
/*!40101 SET character_set_client = @saved_cs_client */;

--
-- Dumping data for table `house_owner`
--

LOCK TABLES `house_owner` WRITE;
/*!40000 ALTER TABLE `house_owner` DISABLE KEYS */;
INSERT INTO `house_owner` VALUES (15,'魏文龙',1,0,'422202199505105735','1995-05-10','湖北省应城市天鹅镇江河村西魏湾4','2017-04-27 15:36:59','2017-05-02 15:28:03',1,'13015912121','应城市公安局','2012-01-17 00:00:00','2022-01-17 00:00:00'),(16,'葛良建',1,0,'33072419900418561X','1990-04-18','浙江省东阳市南马镇华西村礼村３１２号','2017-04-27 18:33:06',NULL,1,NULL,'东阳市公安局','2007-07-18 00:00:00','2017-07-18 00:00:00'),(17,'房建勋',1,0,'411325199010024594','1990-10-02','河南省唐河县龙潭镇岗陈村岗陈112号','2017-04-28 11:32:40','2017-04-28 15:36:55',1,'13015912122','唐河县公安局','2007-04-06 00:00:00','2017-04-06 00:00:00'),(18,'周跃军',1,0,'330719198203124312','1982-03-12','杭州市西湖区文三路１９９号３０９室','2017-05-08 14:08:15',NULL,1,NULL,'杭州市公安局西湖分局','2012-03-30 00:00:00','2032-03-30 00:00:00'),(19,'张钰杰',1,0,'350206199311105011','1993-11-10','福建省厦门市湖里区乌石浦二里113号401室','2017-05-12 12:39:15',NULL,1,'未知','厦门市公安局湖里分局','2010-08-27 00:00:00','2020-08-27 00:00:00');
/*!40000 ALTER TABLE `house_owner` ENABLE KEYS */;
UNLOCK TABLES;

--
-- Table structure for table `house_owner_family`
--

DROP TABLE IF EXISTS `house_owner_family`;
/*!40101 SET @saved_cs_client     = @@character_set_client */;
/*!40101 SET character_set_client = utf8 */;
CREATE TABLE `house_owner_family` (
  `id` bigint(20) unsigned NOT NULL AUTO_INCREMENT COMMENT '自增主键',
  `house_owner_id` bigint(20) unsigned NOT NULL,
  `gmt_create` datetime DEFAULT NULL,
  `gmt_modified` datetime DEFAULT NULL,
  `name` varchar(45) NOT NULL COMMENT '姓名',
  `gender` tinyint(1) NOT NULL DEFAULT '0' COMMENT '性别',
  `credentials_type` tinyint(4) NOT NULL DEFAULT '0' COMMENT '证件类型',
  `credentials_number` varchar(45) NOT NULL COMMENT '证件号码',
  `birth_date` date DEFAULT NULL COMMENT '出生日期',
  `residence_address` varchar(45) DEFAULT NULL COMMENT '户籍地址',
  `nation` tinyint(4) NOT NULL COMMENT '民族',
  `phone` varchar(45) NOT NULL COMMENT '电话',
  `sign_apartment` varchar(45) DEFAULT NULL COMMENT '签发机关',
  `credentials_valid_start_date` datetime DEFAULT NULL COMMENT '证件有效期限开始时间',
  `credentials_valid_end_date` datetime DEFAULT NULL COMMENT '证件有效期限结束时间',
  PRIMARY KEY (`id`),
  UNIQUE KEY `id_UNIQUE` (`id`),
  KEY `fk_house_owner_family_house_owner1_idx` (`house_owner_id`),
  CONSTRAINT `fk_house_owner_family_house_owner1` FOREIGN KEY (`house_owner_id`) REFERENCES `house_owner` (`id`) ON DELETE NO ACTION ON UPDATE NO ACTION
) ENGINE=InnoDB AUTO_INCREMENT=18 DEFAULT CHARSET=utf8 COMMENT='房主家属';
/*!40101 SET character_set_client = @saved_cs_client */;

--
-- Dumping data for table `house_owner_family`
--

LOCK TABLES `house_owner_family` WRITE;
/*!40000 ALTER TABLE `house_owner_family` DISABLE KEYS */;
INSERT INTO `house_owner_family` VALUES (16,15,'2017-05-10 09:42:28','2017-05-10 10:38:47','魏文龙',1,0,'422202199505105735','1995-05-10','湖北省应城市天鹅镇江河村西魏湾4',1,'未知','应城市公安局','2012-01-17 00:00:00','2022-01-17 00:00:00'),(17,19,'2017-05-12 12:44:08','2017-05-16 17:53:00','张钰杰',1,0,'350206199311105011','1993-11-10','福建省厦门市湖里区乌石浦二里113号401室',1,'未知','厦门市公安局湖里分局','2010-08-27 00:00:00','2020-08-27 00:00:00');
/*!40000 ALTER TABLE `house_owner_family` ENABLE KEYS */;
UNLOCK TABLES;

--
-- Table structure for table `menu`
--

DROP TABLE IF EXISTS `menu`;
/*!40101 SET @saved_cs_client     = @@character_set_client */;
/*!40101 SET character_set_client = utf8 */;
CREATE TABLE `menu` (
  `id` bigint(20) unsigned NOT NULL AUTO_INCREMENT,
  `gmt_create` datetime DEFAULT NULL,
  `gmt_modified` datetime DEFAULT NULL,
  `name` varchar(45) NOT NULL COMMENT '名称',
  `description` varchar(45) NOT NULL COMMENT '描述信息',
  `iconfont` varchar(16) DEFAULT NULL COMMENT '图标字体',
  `url` varchar(45) NOT NULL,
  `display_order` int(11) unsigned NOT NULL COMMENT '显示顺序',
  `parent_id` bigint(20) NOT NULL DEFAULT '0',
  `has_child_menu` tinyint(1) unsigned NOT NULL DEFAULT '0',
  `status` tinyint(1) unsigned NOT NULL DEFAULT '1' COMMENT '菜单状态：0是异常，1是正常',
  PRIMARY KEY (`id`),
  UNIQUE KEY `id_UNIQUE` (`id`)
) ENGINE=InnoDB AUTO_INCREMENT=21 DEFAULT CHARSET=utf8 COMMENT='菜单';
/*!40101 SET character_set_client = @saved_cs_client */;

--
-- Dumping data for table `menu`
--

LOCK TABLES `menu` WRITE;
/*!40000 ALTER TABLE `menu` DISABLE KEYS */;
INSERT INTO `menu` VALUES (1,'2017-02-23 20:43:45','2017-02-23 20:43:48','systemConfig','系统配置','fa fa-gears','system/config',2,0,1,1),(2,'2017-02-23 20:43:51','2017-02-23 20:43:53','userManage','用户管理',NULL,'manage/user',1,1,0,1),(3,'2017-02-23 20:43:57','2017-02-23 20:43:59','roleManage','角色管理',NULL,'manage/role',2,1,0,1),(4,'2017-02-23 20:44:03','2017-02-23 20:44:05','menuManage','菜单管理',NULL,'manage/menu',3,1,0,1),(5,'2017-02-23 20:44:10','2017-02-23 20:44:13','systemMaintain','系统维护','fa fa-briefcase','system/maintain',3,0,1,1),(6,'2017-02-23 20:44:18','2017-02-23 20:44:20','systemMonitor','系统监控',NULL,'system/monitor',1,5,0,1),(7,'2017-02-23 20:44:24','2017-02-23 20:44:26','cacheMonitor','缓存监控',NULL,'cache/monitor',2,5,0,1),(8,'2017-02-23 20:44:31','2017-02-23 20:44:33','timeTask','定时任务',NULL,'time/task',3,5,0,1),(9,'2017-04-18 10:35:30','2017-04-18 10:35:33','houseRegister','房屋登记',NULL,'house/register/main',2,0,0,1),(10,'2017-04-19 10:09:47','2017-04-19 10:09:49','doorManage','门点管理',NULL,'manage/door',1,0,0,1),(11,'2017-04-19 10:59:05','2017-04-19 10:59:08','houseManage','房屋管理',NULL,'manage/house',1,0,0,1),(12,'2017-04-19 10:59:43','2017-04-19 10:59:46','renterManage','租客管理',NULL,'manage/renter',1,0,0,1),(13,'2017-04-19 11:28:37','2017-04-19 11:28:39','cardService','卡业务',NULL,'card/service',1,0,1,1),(14,'2017-04-21 11:14:13','2017-04-21 11:14:16','cardWrite','发卡',NULL,'card/write/main',1,13,0,1),(15,'2017-04-21 11:34:06','2017-04-21 11:34:10','cardRepair','补卡',NULL,'card/repair/main',2,13,0,1),(16,'2017-04-21 11:35:32','2017-04-21 11:35:35','cardRenewal','续租',NULL,'card/renewal/main',3,13,0,1),(17,'2017-04-21 11:36:47','2017-04-21 11:36:50','cardRefund','退租',NULL,'card/refund/main',4,13,0,1),(18,'2017-04-21 11:44:38','2017-04-21 11:44:40','cardStatus','预授权信息',NULL,'card/status/house',7,13,0,1),(19,'2017-04-21 13:12:15','2017-04-21 13:12:18','cardLock','挂失',NULL,'card/lock/main',5,13,0,1),(20,'2017-04-21 13:13:13','2017-04-21 13:13:15','cardUnlock','解挂',NULL,'card/unlock/main',6,13,0,1);
/*!40000 ALTER TABLE `menu` ENABLE KEYS */;
UNLOCK TABLES;

--
-- Table structure for table `open_right`
--

DROP TABLE IF EXISTS `open_right`;
/*!40101 SET @saved_cs_client     = @@character_set_client */;
/*!40101 SET character_set_client = utf8 */;
CREATE TABLE `open_right` (
  `id` bigint(20) unsigned NOT NULL AUTO_INCREMENT,
  `medium_type` tinyint(4) unsigned NOT NULL DEFAULT '0' COMMENT '媒介类型，0是卡，1是密码',
  `medium_id` bigint(20) NOT NULL COMMENT '媒介ID类型为卡号时，medium_id为卡号',
  `time_type` tinyint(4) unsigned NOT NULL DEFAULT '0' COMMENT '时间类型，0是连续时间段，1是无时间限制',
  `gmt_create` datetime DEFAULT NULL,
  `gmt_update` datetime DEFAULT NULL,
  `status` tinyint(4) unsigned NOT NULL DEFAULT '0' COMMENT '权限状态，0是失效，1是生效',
  `door_id` bigint(20) unsigned NOT NULL,
  `people_type` tinyint(4) unsigned NOT NULL DEFAULT '0' COMMENT '角色类型',
  `people_id` bigint(20) unsigned NOT NULL,
  PRIMARY KEY (`id`),
  UNIQUE KEY `id_UNIQUE` (`id`),
  KEY `fk_open_right_door1_idx` (`door_id`),
  CONSTRAINT `fk_open_right_door1` FOREIGN KEY (`door_id`) REFERENCES `door` (`id`) ON DELETE NO ACTION ON UPDATE NO ACTION
) ENGINE=InnoDB AUTO_INCREMENT=155 DEFAULT CHARSET=utf8 COMMENT='离线开门权限';
/*!40101 SET character_set_client = @saved_cs_client */;

--
-- Dumping data for table `open_right`
--

LOCK TABLES `open_right` WRITE;
/*!40000 ALTER TABLE `open_right` DISABLE KEYS */;
INSERT INTO `open_right` VALUES (122,0,110110110,1,'2017-05-17 15:20:59','2017-05-17 15:21:01',1,4,1,15),(123,0,110110110,1,'2017-05-17 15:21:20','2017-05-17 15:21:20',0,5,1,15),(124,0,110110110,1,'2017-05-17 15:21:39','2017-05-17 15:21:39',0,35,1,15),(125,0,110110110,1,'2017-05-17 15:21:49','2017-05-17 15:21:51',1,36,1,15),(132,0,110110110,0,'2017-05-17 15:40:11','2017-05-17 15:51:28',1,5,0,11),(133,0,110110110,0,'2017-05-17 15:53:06','2017-05-17 15:53:08',1,35,0,11),(150,0,110110110,0,'2017-05-17 17:34:02','2017-05-17 17:34:05',1,4,0,11),(154,0,123,0,'2017-05-17 18:16:29','2017-05-17 18:16:29',0,6,0,19);
/*!40000 ALTER TABLE `open_right` ENABLE KEYS */;
UNLOCK TABLES;

--
-- Table structure for table `open_right_task`
--

DROP TABLE IF EXISTS `open_right_task`;
/*!40101 SET @saved_cs_client     = @@character_set_client */;
/*!40101 SET character_set_client = utf8 */;
CREATE TABLE `open_right_task` (
  `id` bigint(20) unsigned NOT NULL AUTO_INCREMENT,
  `status` tinyint(4) unsigned NOT NULL DEFAULT '0' COMMENT '指令状态,0是处理失败，1是处理中',
  `task_id` varchar(45) DEFAULT NULL,
  `gmt_create` datetime DEFAULT NULL,
  `gmt_modified` datetime DEFAULT NULL,
  `start_date` datetime DEFAULT NULL,
  `end_date` datetime DEFAULT NULL,
  `medium_type` tinyint(4) unsigned NOT NULL DEFAULT '0' COMMENT '媒介类型为0时，媒介ID为卡号',
  `medium_id` bigint(20) unsigned NOT NULL,
  `door_id` bigint(20) unsigned NOT NULL,
  PRIMARY KEY (`id`),
  UNIQUE KEY `id_UNIQUE` (`id`),
  KEY `fk_open_right_task_door1_idx` (`door_id`),
  CONSTRAINT `fk_open_right_task_door1` FOREIGN KEY (`door_id`) REFERENCES `door` (`id`) ON DELETE NO ACTION ON UPDATE NO ACTION
) ENGINE=InnoDB AUTO_INCREMENT=59 DEFAULT CHARSET=utf8 COMMENT='开门权限处理任务';
/*!40101 SET character_set_client = @saved_cs_client */;

--
-- Dumping data for table `open_right_task`
--

LOCK TABLES `open_right_task` WRITE;
/*!40000 ALTER TABLE `open_right_task` DISABLE KEYS */;
/*!40000 ALTER TABLE `open_right_task` ENABLE KEYS */;
UNLOCK TABLES;

--
-- Table structure for table `people_has_card`
--

DROP TABLE IF EXISTS `people_has_card`;
/*!40101 SET @saved_cs_client     = @@character_set_client */;
/*!40101 SET character_set_client = utf8 */;
CREATE TABLE `people_has_card` (
  `id` bigint(20) unsigned NOT NULL AUTO_INCREMENT,
  `people_type` tinyint(4) unsigned NOT NULL COMMENT '人员类型，0是租客，1是房主，2是房主家属',
  `people_id` bigint(20) unsigned NOT NULL COMMENT '人员ID',
  `card_info_id` bigint(20) unsigned NOT NULL,
  PRIMARY KEY (`id`),
  UNIQUE KEY `id_UNIQUE` (`id`),
  KEY `fk_people_has_card_card_info1_idx` (`card_info_id`),
  CONSTRAINT `fk_people_has_card_card_info1` FOREIGN KEY (`card_info_id`) REFERENCES `card_info` (`id`) ON DELETE NO ACTION ON UPDATE NO ACTION
) ENGINE=InnoDB AUTO_INCREMENT=50 DEFAULT CHARSET=utf8 COMMENT='人与卡关系表';
/*!40101 SET character_set_client = @saved_cs_client */;

--
-- Dumping data for table `people_has_card`
--

LOCK TABLES `people_has_card` WRITE;
/*!40000 ALTER TABLE `people_has_card` DISABLE KEYS */;
/*!40000 ALTER TABLE `people_has_card` ENABLE KEYS */;
UNLOCK TABLES;

--
-- Table structure for table `region`
--

DROP TABLE IF EXISTS `region`;
/*!40101 SET @saved_cs_client     = @@character_set_client */;
/*!40101 SET character_set_client = utf8 */;
CREATE TABLE `region` (
  `id` bigint(20) unsigned NOT NULL AUTO_INCREMENT COMMENT '自增主键',
  `code` varchar(45) NOT NULL COMMENT '区域编码',
  `name` varchar(45) NOT NULL COMMENT '区域编码',
  `parent_id` bigint(20) unsigned NOT NULL COMMENT '父区域编码',
  `gmt_create` datetime DEFAULT NULL,
  `gmt_update` datetime DEFAULT NULL,
  PRIMARY KEY (`id`),
  UNIQUE KEY `id_UNIQUE` (`id`),
  UNIQUE KEY `code_UNIQUE` (`code`)
) ENGINE=InnoDB AUTO_INCREMENT=977 DEFAULT CHARSET=utf8;
/*!40101 SET character_set_client = @saved_cs_client */;

--
-- Dumping data for table `region`
--

LOCK TABLES `region` WRITE;
/*!40000 ALTER TABLE `region` DISABLE KEYS */;
INSERT INTO `region` VALUES (1,'330782','义乌市',1,'2017-04-19 19:00:22','2017-04-19 19:00:22'),(2,'330782001','稠城街道',1,'2017-04-19 19:00:22','2017-04-19 19:00:22'),(3,'330782002','江东街道',1,'2017-04-19 19:00:22','2017-04-19 19:00:22'),(4,'330782003','稠江街道',1,'2017-04-19 19:00:22','2017-04-19 19:00:22'),(5,'330782004','北苑街道',1,'2017-04-19 19:00:22','2017-04-19 19:00:22'),(6,'330782005','后宅街道',1,'2017-04-19 19:00:22','2017-04-19 19:00:22'),(7,'330782006','城西街道',1,'2017-04-19 19:00:22','2017-04-19 19:00:22'),(8,'330782007','廿三里街道',1,'2017-04-19 19:00:22','2017-04-19 19:00:22'),(9,'330782008','福田街道',1,'2017-04-19 19:00:22','2017-04-19 19:00:22'),(10,'330782100','佛堂镇',1,'2017-04-19 19:00:22','2017-04-19 19:00:22'),(11,'330782101','赤岸镇',1,'2017-04-19 19:00:23','2017-04-19 19:00:23'),(12,'330782102','义亭镇',1,'2017-04-19 19:00:23','2017-04-19 19:00:23'),(13,'330782104','上溪镇',1,'2017-04-19 19:00:23','2017-04-19 19:00:23'),(14,'330782105','苏溪镇',1,'2017-04-19 19:00:23','2017-04-19 19:00:23'),(15,'330782106','大陈镇',1,'2017-04-19 19:00:23','2017-04-19 19:00:23'),(16,'330782001001','江滨社区居委会',2,'2017-04-19 19:00:23','2017-04-19 19:00:23'),(17,'330782001002','下车门社区居委会',2,'2017-04-19 19:00:23','2017-04-19 19:00:23'),(18,'330782001003','胜利社区居委会',2,'2017-04-19 19:00:23','2017-04-19 19:00:23'),(19,'330782001004','绣湖社区居委会',2,'2017-04-19 19:00:23','2017-04-19 19:00:23'),(20,'330782001005','通惠社区居委会',2,'2017-04-19 19:00:23','2017-04-19 19:00:23'),(21,'330782001006','向阳社区居委会',2,'2017-04-19 19:00:23','2017-04-19 19:00:23'),(22,'330782001007','市场社区居委会',2,'2017-04-19 19:00:23','2017-04-19 19:00:23'),(23,'330782001008','车站社区居委会',2,'2017-04-19 19:00:23','2017-04-19 19:00:23'),(24,'330782001009','孝子祠社区居委会',2,'2017-04-19 19:00:23','2017-04-19 19:00:23'),(25,'330782001010','宾王社区居委会',2,'2017-04-19 19:00:23','2017-04-19 19:00:23'),(26,'330782001011','词林社区居委会',2,'2017-04-19 19:00:23','2017-04-19 19:00:23'),(27,'330782001012','银苑社区居委会',2,'2017-04-19 19:00:23','2017-04-19 19:00:23'),(28,'330782001013','雪峰社区居委会',2,'2017-04-19 19:00:23','2017-04-19 19:00:23'),(29,'330782002001','商苑社区居委会',3,'2017-04-19 19:00:23','2017-04-19 19:00:23'),(30,'330782002002','临江社区居委会',3,'2017-04-19 19:00:23','2017-04-19 19:00:23'),(31,'330782002003','五爱社区居委会',3,'2017-04-19 19:00:23','2017-04-19 19:00:23'),(32,'330782002004','江南社区居委会',3,'2017-04-19 19:00:23','2017-04-19 19:00:23'),(33,'330782002005','鸡鸣山社区居委会',3,'2017-04-19 19:00:23','2017-04-19 19:00:23'),(34,'330782002006','东洲社区居委会',3,'2017-04-19 19:00:23','2017-04-19 19:00:23'),(35,'330782002007','南苑社区居委会',3,'2017-04-19 19:00:23','2017-04-19 19:00:23'),(36,'330782002008','端头居委会',3,'2017-04-19 19:00:23','2017-04-19 19:00:23'),(37,'330782002009','塔下洲社区居民委员会',3,'2017-04-19 19:00:23','2017-04-19 19:00:23'),(38,'330782002201','赤塘村委会',3,'2017-04-19 19:00:23','2017-04-19 19:00:23'),(39,'330782002202','宗塘村委会',3,'2017-04-19 19:00:23','2017-04-19 19:00:23'),(40,'330782002203','山口村委会',3,'2017-04-19 19:00:23','2017-04-19 19:00:23'),(41,'330782002205','金星村委会',3,'2017-04-19 19:00:23','2017-04-19 19:00:23'),(42,'330782002206','徐村村委会',3,'2017-04-19 19:00:23','2017-04-19 19:00:23'),(43,'330782002207','东上村委会',3,'2017-04-19 19:00:23','2017-04-19 19:00:23'),(44,'330782002208','许宅村委会',3,'2017-04-19 19:00:23','2017-04-19 19:00:23'),(45,'330782002209','后园村委会',3,'2017-04-19 19:00:23','2017-04-19 19:00:23'),(46,'330782002210','供店村委会',3,'2017-04-19 19:00:23','2017-04-19 19:00:23'),(47,'330782002211','前流村委会',3,'2017-04-19 19:00:23','2017-04-19 19:00:23'),(48,'330782002212','永和村委会',3,'2017-04-19 19:00:23','2017-04-19 19:00:23'),(49,'330782002213','红星村委会',3,'2017-04-19 19:00:23','2017-04-19 19:00:23'),(50,'330782002214','江南村委会',3,'2017-04-19 19:00:23','2017-04-19 19:00:23'),(51,'330782002215','西赵村委会',3,'2017-04-19 19:00:23','2017-04-19 19:00:23'),(52,'330782002216','毛店村委会',3,'2017-04-19 19:00:23','2017-04-19 19:00:23'),(53,'330782002217','后房村委会',3,'2017-04-19 19:00:23','2017-04-19 19:00:23'),(54,'330782002218','马村村委会',3,'2017-04-19 19:00:23','2017-04-19 19:00:23'),(55,'330782002219','九联村委会',3,'2017-04-19 19:00:23','2017-04-19 19:00:23'),(56,'330782002220','西陈村委会',3,'2017-04-19 19:00:23','2017-04-19 19:00:23'),(57,'330782002221','孔村村委会',3,'2017-04-19 19:00:23','2017-04-19 19:00:23'),(58,'330782002222','潘村村委会',3,'2017-04-19 19:00:23','2017-04-19 19:00:23'),(59,'330782002223','张村村委会',3,'2017-04-19 19:00:23','2017-04-19 19:00:23'),(60,'330782002224','毛店山脚村委会',3,'2017-04-19 19:00:23','2017-04-19 19:00:23'),(61,'330782002225','平畴村委会',3,'2017-04-19 19:00:24','2017-04-19 19:00:24'),(62,'330782002226','下湾村委会',3,'2017-04-19 19:00:24','2017-04-19 19:00:24'),(63,'330782002227','候儿村委会',3,'2017-04-19 19:00:24','2017-04-19 19:00:24'),(64,'330782002228','新兴村委会',3,'2017-04-19 19:00:24','2017-04-19 19:00:24'),(65,'330782002229','江干村委会',3,'2017-04-19 19:00:24','2017-04-19 19:00:24'),(66,'330782002230','后湖村委会',3,'2017-04-19 19:00:24','2017-04-19 19:00:24'),(67,'330782002231','下朱村委会',3,'2017-04-19 19:00:24','2017-04-19 19:00:24'),(68,'330782002232','下王村委会',3,'2017-04-19 19:00:24','2017-04-19 19:00:24'),(69,'330782002233','尚仁村委会',3,'2017-04-19 19:00:24','2017-04-19 19:00:24'),(70,'330782002234','大元村委会',3,'2017-04-19 19:00:24','2017-04-19 19:00:24'),(71,'330782002235','青南村委会',3,'2017-04-19 19:00:24','2017-04-19 19:00:24'),(72,'330782002236','西谷村委会',3,'2017-04-19 19:00:24','2017-04-19 19:00:24'),(73,'330782002237','西塘村委会',3,'2017-04-19 19:00:24','2017-04-19 19:00:24'),(74,'330782002238','沙溪村委会',3,'2017-04-19 19:00:24','2017-04-19 19:00:24'),(75,'330782002240','南山坑村委会',3,'2017-04-19 19:00:24','2017-04-19 19:00:24'),(76,'330782002242','东山头村委会',3,'2017-04-19 19:00:24','2017-04-19 19:00:24'),(77,'330782002243','上麻车村委会',3,'2017-04-19 19:00:24','2017-04-19 19:00:24'),(78,'330782002244','下麻车村委会',3,'2017-04-19 19:00:24','2017-04-19 19:00:24'),(79,'330782002245','青岩傅村委会',3,'2017-04-19 19:00:24','2017-04-19 19:00:24'),(80,'330782002246','大湖头村委会',3,'2017-04-19 19:00:24','2017-04-19 19:00:24'),(81,'330782002247','船埠头村委会',3,'2017-04-19 19:00:24','2017-04-19 19:00:24'),(82,'330782002248','白莲塘村委会',3,'2017-04-19 19:00:24','2017-04-19 19:00:24'),(83,'330782002249','观音塘村委会',3,'2017-04-19 19:00:24','2017-04-19 19:00:24'),(84,'330782002250','石塔头村委会',3,'2017-04-19 19:00:24','2017-04-19 19:00:24'),(85,'330782002251','青口村委会',3,'2017-04-19 19:00:24','2017-04-19 19:00:24'),(86,'330782002252','东新屋村委会',3,'2017-04-19 19:00:24','2017-04-19 19:00:24'),(87,'330782002253','龚大塘村委会',3,'2017-04-19 19:00:24','2017-04-19 19:00:24'),(88,'330782002255','下傅村委会',3,'2017-04-19 19:00:24','2017-04-19 19:00:24'),(89,'330782003001','凤凰社区居委会',4,'2017-04-19 19:00:24','2017-04-19 19:00:24'),(90,'330782003002','兴业社区居委会',4,'2017-04-19 19:00:24','2017-04-19 19:00:24'),(91,'330782003003','锦都社区居委会',4,'2017-04-19 19:00:24','2017-04-19 19:00:24'),(92,'330782003004','松门里社区居委会',4,'2017-04-19 19:00:24','2017-04-19 19:00:24'),(93,'330782003005','黎明居委会',4,'2017-04-19 19:00:24','2017-04-19 19:00:24'),(94,'330782003006','杨一居委会',4,'2017-04-19 19:00:24','2017-04-19 19:00:24'),(95,'330782003007','杨二居委会',4,'2017-04-19 19:00:24','2017-04-19 19:00:24'),(96,'330782003008','杨三居委会',4,'2017-04-19 19:00:24','2017-04-19 19:00:24'),(97,'330782003015','昌德社区居委会',4,'2017-04-19 19:00:24','2017-04-19 19:00:24'),(98,'330782003016','永祥社区居委会',4,'2017-04-19 19:00:24','2017-04-19 19:00:24'),(99,'330782003017','高新社区居委会',4,'2017-04-19 19:00:24','2017-04-19 19:00:24'),(100,'330782003206','诸宅村委会',4,'2017-04-19 19:00:24','2017-04-19 19:00:24'),(101,'330782003207','龙回村委会',4,'2017-04-19 19:00:24','2017-04-19 19:00:24'),(102,'330782003208','象山村委会',4,'2017-04-19 19:00:24','2017-04-19 19:00:24'),(103,'330782003209','官塘村委会',4,'2017-04-19 19:00:24','2017-04-19 19:00:24'),(104,'330782003210','前仓村委会',4,'2017-04-19 19:00:24','2017-04-19 19:00:24'),(105,'330782003211','新村村委会',4,'2017-04-19 19:00:24','2017-04-19 19:00:24'),(106,'330782003212','贾里村委会',4,'2017-04-19 19:00:24','2017-04-19 19:00:24'),(107,'330782003213','喻宅村委会',4,'2017-04-19 19:00:24','2017-04-19 19:00:24'),(108,'330782003214','春联村委会',4,'2017-04-19 19:00:24','2017-04-19 19:00:24'),(109,'330782003215','柯村村委会',4,'2017-04-19 19:00:24','2017-04-19 19:00:24'),(110,'330782003216','何村村委会',4,'2017-04-19 19:00:24','2017-04-19 19:00:24'),(111,'330782003217','江湾村委会',4,'2017-04-19 19:00:24','2017-04-19 19:00:24'),(112,'330782003219','新屋村委会',4,'2017-04-19 19:00:25','2017-04-19 19:00:25'),(113,'330782003220','下柳村委会',4,'2017-04-19 19:00:25','2017-04-19 19:00:25'),(114,'330782003221','高庚村委会',4,'2017-04-19 19:00:25','2017-04-19 19:00:25'),(115,'330782003222','崇山村委会',4,'2017-04-19 19:00:25','2017-04-19 19:00:25'),(116,'330782003223','红联村委会',4,'2017-04-19 19:00:25','2017-04-19 19:00:25'),(117,'330782003229','后申塘村委会',4,'2017-04-19 19:00:25','2017-04-19 19:00:25'),(118,'330782003230','官清畈村委会',4,'2017-04-19 19:00:25','2017-04-19 19:00:25'),(119,'330782003231','下沿塘村委会',4,'2017-04-19 19:00:25','2017-04-19 19:00:25'),(120,'330782003232','古母塘村委会',4,'2017-04-19 19:00:25','2017-04-19 19:00:25'),(121,'330782003233','下何宅村委会',4,'2017-04-19 19:00:25','2017-04-19 19:00:25'),(122,'330782003234','水冰塘村委会',4,'2017-04-19 19:00:25','2017-04-19 19:00:25'),(123,'330782003235','东王界村委会',4,'2017-04-19 19:00:25','2017-04-19 19:00:25'),(124,'330782003236','西王界村委会',4,'2017-04-19 19:00:25','2017-04-19 19:00:25'),(125,'330782003237','杨梅院村委会',4,'2017-04-19 19:00:25','2017-04-19 19:00:25'),(126,'330782003238','上金村委会',4,'2017-04-19 19:00:25','2017-04-19 19:00:25'),(127,'330782003239','中金村委会',4,'2017-04-19 19:00:25','2017-04-19 19:00:25'),(128,'330782003240','下金村委会',4,'2017-04-19 19:00:25','2017-04-19 19:00:25'),(129,'330782003241','犁头山村委会',4,'2017-04-19 19:00:25','2017-04-19 19:00:25'),(130,'330782003242','羊角山村委会',4,'2017-04-19 19:00:25','2017-04-19 19:00:25'),(131,'330782003243','官塘下村委会',4,'2017-04-19 19:00:25','2017-04-19 19:00:25'),(132,'330782003244','上崇山村委会',4,'2017-04-19 19:00:25','2017-04-19 19:00:25'),(133,'330782004001','幸福社区居委会',5,'2017-04-19 19:00:25','2017-04-19 19:00:25'),(134,'330782004002','建设社区居委会',5,'2017-04-19 19:00:25','2017-04-19 19:00:25'),(135,'330782004003','迎宾社区居委会',5,'2017-04-19 19:00:25','2017-04-19 19:00:25'),(136,'330782004004','复兴社区居委会',5,'2017-04-19 19:00:25','2017-04-19 19:00:25'),(137,'330782004006','石桥头居委会',5,'2017-04-19 19:00:25','2017-04-19 19:00:25'),(138,'330782004007','拥军社区居民委员会',5,'2017-04-19 19:00:25','2017-04-19 19:00:25'),(139,'330782004008','留雅居委会',5,'2017-04-19 19:00:25','2017-04-19 19:00:25'),(140,'330782004010','望道社区居民委员会',5,'2017-04-19 19:00:25','2017-04-19 19:00:25'),(141,'330782004011','四季社区居委会',5,'2017-04-19 19:00:25','2017-04-19 19:00:25'),(142,'330782004012','丹溪社区居委会',5,'2017-04-19 19:00:25','2017-04-19 19:00:25'),(143,'330782004202','季宅村委会',5,'2017-04-19 19:00:25','2017-04-19 19:00:25'),(144,'330782004203','曹道村委会',5,'2017-04-19 19:00:25','2017-04-19 19:00:25'),(145,'330782004204','莲塘村委会',5,'2017-04-19 19:00:25','2017-04-19 19:00:25'),(146,'330782004205','前洪村委会',5,'2017-04-19 19:00:25','2017-04-19 19:00:25'),(147,'330782004206','万村村委会',5,'2017-04-19 19:00:25','2017-04-19 19:00:25'),(148,'330782004207','茂后村委会',5,'2017-04-19 19:00:25','2017-04-19 19:00:25'),(149,'330782004208','楼宅村委会',5,'2017-04-19 19:00:25','2017-04-19 19:00:25'),(150,'330782004209','畈东村委会',5,'2017-04-19 19:00:25','2017-04-19 19:00:25'),(151,'330782004212','青溪村委会',5,'2017-04-19 19:00:25','2017-04-19 19:00:25'),(152,'330782004213','柳一村委会',5,'2017-04-19 19:00:25','2017-04-19 19:00:25'),(153,'330782004214','柳二村委会',5,'2017-04-19 19:00:25','2017-04-19 19:00:25'),(154,'330782004215','柳三村委会',5,'2017-04-19 19:00:25','2017-04-19 19:00:25'),(155,'330782004216','高桥村委会',5,'2017-04-19 19:00:25','2017-04-19 19:00:25'),(156,'330782004217','杨街村委会',5,'2017-04-19 19:00:25','2017-04-19 19:00:25'),(157,'330782004218','塘坦村委会',5,'2017-04-19 19:00:25','2017-04-19 19:00:25'),(158,'330782004219','后明塘村委会',5,'2017-04-19 19:00:25','2017-04-19 19:00:25'),(159,'330782004222','下山头村委会',5,'2017-04-19 19:00:25','2017-04-19 19:00:25'),(160,'330782004223','王高畈村委会',5,'2017-04-19 19:00:25','2017-04-19 19:00:25'),(161,'330782004224','金山脚村委会',5,'2017-04-19 19:00:26','2017-04-19 19:00:26'),(162,'330782004225','上连树村委会',5,'2017-04-19 19:00:26','2017-04-19 19:00:26'),(163,'330782004226','宇宅口村委会',5,'2017-04-19 19:00:26','2017-04-19 19:00:26'),(164,'330782004227','新后傅村委会',5,'2017-04-19 19:00:26','2017-04-19 19:00:26'),(165,'330782004229','游览亭村委会',5,'2017-04-19 19:00:26','2017-04-19 19:00:26'),(166,'330782004230','上里角塘村委会',5,'2017-04-19 19:00:26','2017-04-19 19:00:26'),(167,'330782004231','下里角塘村委会',5,'2017-04-19 19:00:26','2017-04-19 19:00:26'),(168,'330782005001','黄龙居委会',6,'2017-04-19 19:00:26','2017-04-19 19:00:26'),(169,'330782005002','宅二居委会',6,'2017-04-19 19:00:26','2017-04-19 19:00:26'),(170,'330782005003','永宁居委会',6,'2017-04-19 19:00:26','2017-04-19 19:00:26'),(171,'330782005006','上洪居委会',6,'2017-04-19 19:00:26','2017-04-19 19:00:26'),(172,'330782005007','上河居委会',6,'2017-04-19 19:00:26','2017-04-19 19:00:26'),(173,'330782005008','遗安居委会',6,'2017-04-19 19:00:26','2017-04-19 19:00:26'),(174,'330782005009','万界居委会',6,'2017-04-19 19:00:26','2017-04-19 19:00:26'),(175,'330782005010','十二山头居委会',6,'2017-04-19 19:00:26','2017-04-19 19:00:26'),(176,'330782005011','洪华居委会',6,'2017-04-19 19:00:26','2017-04-19 19:00:26'),(177,'330782005012','西河居委会',6,'2017-04-19 19:00:26','2017-04-19 19:00:26'),(178,'330782005013','后里居委会',6,'2017-04-19 19:00:26','2017-04-19 19:00:26'),(179,'330782005014','杜元居委会',6,'2017-04-19 19:00:26','2017-04-19 19:00:26'),(180,'330782005015','新凉亭居委会',6,'2017-04-19 19:00:26','2017-04-19 19:00:26'),(181,'330782005016','德胜居委会',6,'2017-04-19 19:00:26','2017-04-19 19:00:26'),(182,'330782005203','下畈村委会',6,'2017-04-19 19:00:26','2017-04-19 19:00:26'),(183,'330782005204','全备村委会',6,'2017-04-19 19:00:26','2017-04-19 19:00:26'),(184,'330782005205','寺前村委会',6,'2017-04-19 19:00:26','2017-04-19 19:00:26'),(185,'330782005206','洪家村委会',6,'2017-04-19 19:00:26','2017-04-19 19:00:26'),(186,'330782005207','后余村委会',6,'2017-04-19 19:00:26','2017-04-19 19:00:26'),(187,'330782005208','上周村委会',6,'2017-04-19 19:00:26','2017-04-19 19:00:26'),(188,'330782005209','雅楼村委会',6,'2017-04-19 19:00:26','2017-04-19 19:00:26'),(189,'330782005210','何界村委会',6,'2017-04-19 19:00:26','2017-04-19 19:00:26'),(190,'330782005211','叶宅村委会',6,'2017-04-19 19:00:26','2017-04-19 19:00:26'),(191,'330782005212','溪坦村委会',6,'2017-04-19 19:00:26','2017-04-19 19:00:26'),(192,'330782005218','大方村委会',6,'2017-04-19 19:00:26','2017-04-19 19:00:26'),(193,'330782005219','李祖村委会',6,'2017-04-19 19:00:26','2017-04-19 19:00:26'),(194,'330782005220','塘下村委会',6,'2017-04-19 19:00:26','2017-04-19 19:00:26'),(195,'330782005221','岭脚村委会',6,'2017-04-19 19:00:26','2017-04-19 19:00:26'),(196,'330782005222','上方村委会',6,'2017-04-19 19:00:26','2017-04-19 19:00:26'),(197,'330782005223','倪村村委会',6,'2017-04-19 19:00:26','2017-04-19 19:00:26'),(198,'330782005224','黄宅村委会',6,'2017-04-19 19:00:26','2017-04-19 19:00:26'),(199,'330782005225','下万村委会',6,'2017-04-19 19:00:26','2017-04-19 19:00:26'),(200,'330782005226','陈宅村委会',6,'2017-04-19 19:00:26','2017-04-19 19:00:26'),(201,'330782005227','大傅宅村委会',6,'2017-04-19 19:00:26','2017-04-19 19:00:26'),(202,'330782005228','曹村村委会',6,'2017-04-19 19:00:26','2017-04-19 19:00:26'),(203,'330782005229','岩南村委会',6,'2017-04-19 19:00:26','2017-04-19 19:00:26'),(204,'330782005230','上金村委会',6,'2017-04-19 19:00:26','2017-04-19 19:00:26'),(205,'330782005231','下金村委会',6,'2017-04-19 19:00:26','2017-04-19 19:00:26'),(206,'330782005232','鹤田村委会',6,'2017-04-19 19:00:26','2017-04-19 19:00:26'),(207,'330782005233','后傅村委会',6,'2017-04-19 19:00:27','2017-04-19 19:00:27'),(208,'330782005234','前傅村委会',6,'2017-04-19 19:00:27','2017-04-19 19:00:27'),(209,'330782005235','苏街村委会',6,'2017-04-19 19:00:27','2017-04-19 19:00:27'),(210,'330782005236','吴宅村委会',6,'2017-04-19 19:00:27','2017-04-19 19:00:27'),(211,'330782005237','下旺村委会',6,'2017-04-19 19:00:27','2017-04-19 19:00:27'),(212,'330782005238','俊塘村委会',6,'2017-04-19 19:00:27','2017-04-19 19:00:27'),(213,'330782005239','山塘村委会',6,'2017-04-19 19:00:27','2017-04-19 19:00:27'),(214,'330782005240','坞灶村委会',6,'2017-04-19 19:00:27','2017-04-19 19:00:27'),(215,'330782005241','广口村委会',6,'2017-04-19 19:00:27','2017-04-19 19:00:27'),(216,'330782005242','湖门村委会',6,'2017-04-19 19:00:27','2017-04-19 19:00:27'),(217,'330782005243','新华村委会',6,'2017-04-19 19:00:27','2017-04-19 19:00:27'),(218,'330782005244','前毛店村委会',6,'2017-04-19 19:00:27','2017-04-19 19:00:27'),(219,'330782005245','后毛店村委会',6,'2017-04-19 19:00:27','2017-04-19 19:00:27'),(220,'330782005246','马踏石村委会',6,'2017-04-19 19:00:27','2017-04-19 19:00:27'),(221,'330782005247','马交塘村委会',6,'2017-04-19 19:00:27','2017-04-19 19:00:27'),(222,'330782005248','杨畈田村委会',6,'2017-04-19 19:00:27','2017-04-19 19:00:27'),(223,'330782005249','三川塘村委会',6,'2017-04-19 19:00:27','2017-04-19 19:00:27'),(224,'330782005250','北岭塘村委会',6,'2017-04-19 19:00:27','2017-04-19 19:00:27'),(225,'330782005251','西关田村委会',6,'2017-04-19 19:00:27','2017-04-19 19:00:27'),(226,'330782005252','深塘下村委会',6,'2017-04-19 19:00:27','2017-04-19 19:00:27'),(227,'330782005253','红塘畈村委会',6,'2017-04-19 19:00:27','2017-04-19 19:00:27'),(228,'330782005254','下余山村委会',6,'2017-04-19 19:00:27','2017-04-19 19:00:27'),(229,'330782005255','三里店村委会',6,'2017-04-19 19:00:27','2017-04-19 19:00:27'),(230,'330782006001','龙山社区居委会',7,'2017-04-19 19:00:27','2017-04-19 19:00:27'),(231,'330782006200','五一村委会',7,'2017-04-19 19:00:27','2017-04-19 19:00:27'),(232,'330782006201','六一村委会',7,'2017-04-19 19:00:27','2017-04-19 19:00:27'),(233,'330782006202','七一村委会',7,'2017-04-19 19:00:27','2017-04-19 19:00:27'),(234,'330782006203','西方村委会',7,'2017-04-19 19:00:27','2017-04-19 19:00:27'),(235,'330782006204','枫溪村委会',7,'2017-04-19 19:00:27','2017-04-19 19:00:27'),(236,'330782006205','五星村委会',7,'2017-04-19 19:00:27','2017-04-19 19:00:27'),(237,'330782006206','毛店桥头村委会',7,'2017-04-19 19:00:27','2017-04-19 19:00:27'),(238,'330782006207','西俞村委会',7,'2017-04-19 19:00:27','2017-04-19 19:00:27'),(239,'330782006208','新江村委会',7,'2017-04-19 19:00:27','2017-04-19 19:00:27'),(240,'330782006209','横塘村委会',7,'2017-04-19 19:00:27','2017-04-19 19:00:27'),(241,'330782006210','东红村委会',7,'2017-04-19 19:00:27','2017-04-19 19:00:27'),(242,'330782006211','横山村委会',7,'2017-04-19 19:00:27','2017-04-19 19:00:27'),(243,'330782006212','山翁村委会',7,'2017-04-19 19:00:27','2017-04-19 19:00:27'),(244,'330782006213','于宅村委会',7,'2017-04-19 19:00:27','2017-04-19 19:00:27'),(245,'330782006214','殿口村委会',7,'2017-04-19 19:00:27','2017-04-19 19:00:27'),(246,'330782006215','蒋母塘村委会',7,'2017-04-19 19:00:27','2017-04-19 19:00:27'),(247,'330782006216','益公山村委会',7,'2017-04-19 19:00:27','2017-04-19 19:00:27'),(248,'330782006217','夏迹塘村委会',7,'2017-04-19 19:00:27','2017-04-19 19:00:27'),(249,'330782006218','井头徐村委会',7,'2017-04-19 19:00:27','2017-04-19 19:00:27'),(250,'330782006219','新双溪村委会',7,'2017-04-19 19:00:27','2017-04-19 19:00:27'),(251,'330782006220','西毛店村委会',7,'2017-04-19 19:00:27','2017-04-19 19:00:27'),(252,'330782006221','塘下郑村委会',7,'2017-04-19 19:00:27','2017-04-19 19:00:27'),(253,'330782006222','六甲里村委会',7,'2017-04-19 19:00:27','2017-04-19 19:00:27'),(254,'330782006223','山边程村委会',7,'2017-04-19 19:00:27','2017-04-19 19:00:27'),(255,'330782006224','夏演村委会',7,'2017-04-19 19:00:27','2017-04-19 19:00:27'),(256,'330782006225','流下村委会',7,'2017-04-19 19:00:28','2017-04-19 19:00:28'),(257,'330782006226','前塘村委会',7,'2017-04-19 19:00:28','2017-04-19 19:00:28'),(258,'330782006227','溪干村委会',7,'2017-04-19 19:00:28','2017-04-19 19:00:28'),(259,'330782006228','桥头村委会',7,'2017-04-19 19:00:28','2017-04-19 19:00:28'),(260,'330782006229','荷村村委会',7,'2017-04-19 19:00:28','2017-04-19 19:00:28'),(261,'330782006230','流村村委会',7,'2017-04-19 19:00:28','2017-04-19 19:00:28'),(262,'330782006231','夏楼村委会',7,'2017-04-19 19:00:28','2017-04-19 19:00:28'),(263,'330782006232','后叶村委会',7,'2017-04-19 19:00:28','2017-04-19 19:00:28'),(264,'330782006233','上杨村委会',7,'2017-04-19 19:00:28','2017-04-19 19:00:28'),(265,'330782006234','里界村委会',7,'2017-04-19 19:00:28','2017-04-19 19:00:28'),(266,'330782006235','平桥村委会',7,'2017-04-19 19:00:28','2017-04-19 19:00:28'),(267,'330782006236','里京村委会',7,'2017-04-19 19:00:28','2017-04-19 19:00:28'),(268,'330782006237','水涧村委会',7,'2017-04-19 19:00:28','2017-04-19 19:00:28'),(269,'330782006238','鲤鱼山村委会',7,'2017-04-19 19:00:28','2017-04-19 19:00:28'),(270,'330782006239','吴坎头村委会',7,'2017-04-19 19:00:28','2017-04-19 19:00:28'),(271,'330782006240','流大塘村委会',7,'2017-04-19 19:00:28','2017-04-19 19:00:28'),(272,'330782006241','何斯路村委会',7,'2017-04-19 19:00:28','2017-04-19 19:00:28'),(273,'330782006242','分水塘村委会',7,'2017-04-19 19:00:28','2017-04-19 19:00:28'),(274,'330782006243','黄山坞口村委会',7,'2017-04-19 19:00:28','2017-04-19 19:00:28'),(275,'330782006244','深塘坞村委会',7,'2017-04-19 19:00:28','2017-04-19 19:00:28'),(276,'330782006245','石明堂村委会',7,'2017-04-19 19:00:28','2017-04-19 19:00:28'),(277,'330782006246','何泮山村委会',7,'2017-04-19 19:00:28','2017-04-19 19:00:28'),(278,'330782007001','东新居委会',8,'2017-04-19 19:00:28','2017-04-19 19:00:28'),(279,'330782007002','廿三里居委会',8,'2017-04-19 19:00:28','2017-04-19 19:00:28'),(280,'330782007003','上社居委会',8,'2017-04-19 19:00:28','2017-04-19 19:00:28'),(281,'330782007004','如甫居委会',8,'2017-04-19 19:00:28','2017-04-19 19:00:28'),(282,'330782007005','后乐居委会',8,'2017-04-19 19:00:28','2017-04-19 19:00:28'),(283,'330782007006','下娄居委会',8,'2017-04-19 19:00:28','2017-04-19 19:00:28'),(284,'330782007007','东陈居委会',8,'2017-04-19 19:00:28','2017-04-19 19:00:28'),(285,'330782007008','西田畈居委会',8,'2017-04-19 19:00:28','2017-04-19 19:00:28'),(286,'330782007200','朱村村委会',8,'2017-04-19 19:00:28','2017-04-19 19:00:28'),(287,'330782007201','深塘村委会',8,'2017-04-19 19:00:28','2017-04-19 19:00:28'),(288,'330782007202','李宅村委会',8,'2017-04-19 19:00:28','2017-04-19 19:00:28'),(289,'330782007203','埠头村委会',8,'2017-04-19 19:00:28','2017-04-19 19:00:28'),(290,'330782007204','钱塘村委会',8,'2017-04-19 19:00:28','2017-04-19 19:00:28'),(291,'330782007205','何宅村委会',8,'2017-04-19 19:00:28','2017-04-19 19:00:28'),(292,'330782007206','后义村委会',8,'2017-04-19 19:00:28','2017-04-19 19:00:28'),(293,'330782007207','陶店村委会',8,'2017-04-19 19:00:28','2017-04-19 19:00:28'),(294,'330782007208','王店村委会',8,'2017-04-19 19:00:28','2017-04-19 19:00:28'),(295,'330782007209','东莲塘村委会',8,'2017-04-19 19:00:28','2017-04-19 19:00:28'),(296,'330782007210','葛塘村委会',8,'2017-04-19 19:00:28','2017-04-19 19:00:28'),(297,'330782007211','张思村委会',8,'2017-04-19 19:00:28','2017-04-19 19:00:28'),(298,'330782007212','陈陀村委会',8,'2017-04-19 19:00:28','2017-04-19 19:00:28'),(299,'330782007213','派塘村委会',8,'2017-04-19 19:00:28','2017-04-19 19:00:28'),(300,'330782007214','西澄村委会',8,'2017-04-19 19:00:28','2017-04-19 19:00:28'),(301,'330782007215','华溪村委会',8,'2017-04-19 19:00:28','2017-04-19 19:00:28'),(302,'330782007216','联五村委会',8,'2017-04-19 19:00:28','2017-04-19 19:00:28'),(303,'330782007217','里兆村委会',8,'2017-04-19 19:00:29','2017-04-19 19:00:29'),(304,'330782007218','西京村委会',8,'2017-04-19 19:00:29','2017-04-19 19:00:29'),(305,'330782007219','李塘村委会',8,'2017-04-19 19:00:29','2017-04-19 19:00:29'),(306,'330782007220','泉塘村委会',8,'2017-04-19 19:00:29','2017-04-19 19:00:29'),(307,'330782007221','大岭村委会',8,'2017-04-19 19:00:29','2017-04-19 19:00:29'),(308,'330782007222','里忠村委会',8,'2017-04-19 19:00:29','2017-04-19 19:00:29'),(309,'330782007223','群益村委会',8,'2017-04-19 19:00:29','2017-04-19 19:00:29'),(310,'330782007224','塘下店村委会',8,'2017-04-19 19:00:29','2017-04-19 19:00:29'),(311,'330782007225','郑山头村委会',8,'2017-04-19 19:00:29','2017-04-19 19:00:29'),(312,'330782007226','下朱宅村委会',8,'2017-04-19 19:00:29','2017-04-19 19:00:29'),(313,'330782007227','石柱下村委会',8,'2017-04-19 19:00:29','2017-04-19 19:00:29'),(314,'330782007228','八足塘村委会',8,'2017-04-19 19:00:29','2017-04-19 19:00:29'),(315,'330782007229','张家园村委会',8,'2017-04-19 19:00:29','2017-04-19 19:00:29'),(316,'330782007230','光耀境村委会',8,'2017-04-19 19:00:29','2017-04-19 19:00:29'),(317,'330782007231','麻车塘村委会',8,'2017-04-19 19:00:29','2017-04-19 19:00:29'),(318,'330782007232','活鱼塘村委会',8,'2017-04-19 19:00:29','2017-04-19 19:00:29'),(319,'330782007233','楼山塘村委会',8,'2017-04-19 19:00:29','2017-04-19 19:00:29'),(320,'330782007234','屏石头村委会',8,'2017-04-19 19:00:29','2017-04-19 19:00:29'),(321,'330782008001','福田社区居委会',9,'2017-04-19 19:00:29','2017-04-19 19:00:29'),(322,'330782008002','长春社区居委会',9,'2017-04-19 19:00:29','2017-04-19 19:00:29'),(323,'330782008003','诚信社区居委会',9,'2017-04-19 19:00:29','2017-04-19 19:00:29'),(324,'330782008200','祖科塘村委会',9,'2017-04-19 19:00:29','2017-04-19 19:00:29'),(325,'330782008201','西罗店村委会',9,'2017-04-19 19:00:29','2017-04-19 19:00:29'),(326,'330782008202','王牌村委会',9,'2017-04-19 19:00:29','2017-04-19 19:00:29'),(327,'330782008203','西力村委会',9,'2017-04-19 19:00:29','2017-04-19 19:00:29'),(328,'330782008204','联平村委会',9,'2017-04-19 19:00:29','2017-04-19 19:00:29'),(329,'330782008205','大王村委会',9,'2017-04-19 19:00:29','2017-04-19 19:00:29'),(330,'330782008206','湖塘村委会',9,'2017-04-19 19:00:29','2017-04-19 19:00:29'),(331,'330782008207','宗宅村委会',9,'2017-04-19 19:00:29','2017-04-19 19:00:29'),(332,'330782008208','西张村委会',9,'2017-04-19 19:00:29','2017-04-19 19:00:29'),(333,'330782008209','十里牌村委会',9,'2017-04-19 19:00:29','2017-04-19 19:00:29'),(334,'330782008210','毛竹园村委会',9,'2017-04-19 19:00:29','2017-04-19 19:00:29'),(335,'330782008211','抱湖塘村委会',9,'2017-04-19 19:00:29','2017-04-19 19:00:29'),(336,'330782008212','思古塘村委会',9,'2017-04-19 19:00:29','2017-04-19 19:00:29'),(337,'330782008213','洋塘桥头村委会',9,'2017-04-19 19:00:29','2017-04-19 19:00:29'),(338,'330782008214','杏园村委会',9,'2017-04-19 19:00:29','2017-04-19 19:00:29'),(339,'330782008215','麻车村委会',9,'2017-04-19 19:00:29','2017-04-19 19:00:29'),(340,'330782008216','江北下朱村委会',9,'2017-04-19 19:00:29','2017-04-19 19:00:29'),(341,'330782008217','田畈村委会',9,'2017-04-19 19:00:29','2017-04-19 19:00:29'),(342,'330782008218','尚经村委会',9,'2017-04-19 19:00:29','2017-04-19 19:00:29'),(343,'330782008219','云溪村委会',9,'2017-04-19 19:00:29','2017-04-19 19:00:29'),(344,'330782008220','洛店村委会',9,'2017-04-19 19:00:29','2017-04-19 19:00:29'),(345,'330782008221','罗店村委会',9,'2017-04-19 19:00:29','2017-04-19 19:00:29'),(346,'330782008222','全宅村委会',9,'2017-04-19 19:00:29','2017-04-19 19:00:29'),(347,'330782008223','江村村委会',9,'2017-04-19 19:00:29','2017-04-19 19:00:29'),(348,'330782008224','清塘村委会',9,'2017-04-19 19:00:29','2017-04-19 19:00:29'),(349,'330782008225','齐街村委会',9,'2017-04-19 19:00:29','2017-04-19 19:00:29'),(350,'330782008226','九如堂村委会',9,'2017-04-19 19:00:29','2017-04-19 19:00:29'),(351,'330782008227','下娄店村委会',9,'2017-04-19 19:00:29','2017-04-19 19:00:29'),(352,'330782008228','官端前村委会',9,'2017-04-19 19:00:29','2017-04-19 19:00:29'),(353,'330782008229','东岗山村委会',9,'2017-04-19 19:00:30','2017-04-19 19:00:30'),(354,'330782008230','六石塘村委会',9,'2017-04-19 19:00:30','2017-04-19 19:00:30'),(355,'330782008231','东象山村委会',9,'2017-04-19 19:00:30','2017-04-19 19:00:30'),(356,'330782008232','立碑塘村委会',9,'2017-04-19 19:00:30','2017-04-19 19:00:30'),(357,'330782008233','楼西塘村委会',9,'2017-04-19 19:00:30','2017-04-19 19:00:30'),(358,'330782008234','东前王村委会',9,'2017-04-19 19:00:30','2017-04-19 19:00:30'),(359,'330782008235','东傅宅村委会',9,'2017-04-19 19:00:30','2017-04-19 19:00:30'),(360,'330782008236','花园下村委会',9,'2017-04-19 19:00:30','2017-04-19 19:00:30'),(361,'330782008237','白塘畈村委会',9,'2017-04-19 19:00:30','2017-04-19 19:00:30'),(362,'330782008238','下骆宅村委会',9,'2017-04-19 19:00:30','2017-04-19 19:00:30'),(363,'330782008239','白岸头村委会',9,'2017-04-19 19:00:30','2017-04-19 19:00:30'),(364,'330782008240','八脚坎村委会',9,'2017-04-19 19:00:30','2017-04-19 19:00:30'),(365,'330782008241','下华店村委会',9,'2017-04-19 19:00:30','2017-04-19 19:00:30'),(366,'330782008242','前黄宅村委会',9,'2017-04-19 19:00:30','2017-04-19 19:00:30'),(367,'330782008243','新塘下村委会',9,'2017-04-19 19:00:30','2017-04-19 19:00:30'),(368,'330782008244','堂阁村委会',9,'2017-04-19 19:00:30','2017-04-19 19:00:30'),(369,'330782008245','下沈村委会',9,'2017-04-19 19:00:30','2017-04-19 19:00:30'),(370,'330782008246','西界村委会',9,'2017-04-19 19:00:30','2017-04-19 19:00:30'),(371,'330782008247','屋基村委会',9,'2017-04-19 19:00:30','2017-04-19 19:00:30'),(372,'330782008248','洪界村委会',9,'2017-04-19 19:00:30','2017-04-19 19:00:30'),(373,'330782008249','前上周村委会',9,'2017-04-19 19:00:30','2017-04-19 19:00:30'),(374,'330782008250','森屋村委会',9,'2017-04-19 19:00:30','2017-04-19 19:00:30'),(375,'330782008251','前店村委会',9,'2017-04-19 19:00:30','2017-04-19 19:00:30'),(376,'330782008252','溪前村委会',9,'2017-04-19 19:00:30','2017-04-19 19:00:30'),(377,'330782008253','下兆村委会',9,'2017-04-19 19:00:30','2017-04-19 19:00:30'),(378,'330782008254','殿前村委会',9,'2017-04-19 19:00:30','2017-04-19 19:00:30'),(379,'330782008255','荷叶塘村委会',9,'2017-04-19 19:00:30','2017-04-19 19:00:30'),(380,'330782008256','过溪楼村委会',9,'2017-04-19 19:00:30','2017-04-19 19:00:30'),(381,'330782008257','下西陶村委会',9,'2017-04-19 19:00:30','2017-04-19 19:00:30'),(382,'330782008258','东大鲁村委会',9,'2017-04-19 19:00:30','2017-04-19 19:00:30'),(383,'330782100004','长塘居委会',10,'2017-04-19 19:00:30','2017-04-19 19:00:30'),(384,'330782100005','小吴溪居委会',10,'2017-04-19 19:00:30','2017-04-19 19:00:30'),(385,'330782100006','下市居委会',10,'2017-04-19 19:00:30','2017-04-19 19:00:30'),(386,'330782100007','新市基居委会',10,'2017-04-19 19:00:30','2017-04-19 19:00:30'),(387,'330782100008','王蒲塘居委会',10,'2017-04-19 19:00:30','2017-04-19 19:00:30'),(388,'330782100009','头甲居委会',10,'2017-04-19 19:00:30','2017-04-19 19:00:30'),(389,'330782100010','老市基居委会',10,'2017-04-19 19:00:30','2017-04-19 19:00:30'),(390,'330782100011','竹园居委会',10,'2017-04-19 19:00:30','2017-04-19 19:00:30'),(391,'330782100012','王斗居委会',10,'2017-04-19 19:00:30','2017-04-19 19:00:30'),(392,'330782100013','湖山殿下社区居委会',10,'2017-04-19 19:00:30','2017-04-19 19:00:30'),(393,'330782100014','大成社区居委会',10,'2017-04-19 19:00:30','2017-04-19 19:00:30'),(394,'330782100206','芳山村委会',10,'2017-04-19 19:00:30','2017-04-19 19:00:30'),(395,'330782100207','大田村委会',10,'2017-04-19 19:00:30','2017-04-19 19:00:30'),(396,'330782100208','赵朱村委会',10,'2017-04-19 19:00:31','2017-04-19 19:00:31'),(397,'330782100209','石楼村委会',10,'2017-04-19 19:00:31','2017-04-19 19:00:31'),(398,'330782100210','起鸣村委会',10,'2017-04-19 19:00:31','2017-04-19 19:00:31'),(399,'330782100211','晓联村委会',10,'2017-04-19 19:00:31','2017-04-19 19:00:31'),(400,'330782100212','梅林村委会',10,'2017-04-19 19:00:31','2017-04-19 19:00:31'),(401,'330782100213','稽亭村委会',10,'2017-04-19 19:00:31','2017-04-19 19:00:31'),(402,'330782100214','雅樟村委会',10,'2017-04-19 19:00:31','2017-04-19 19:00:31'),(403,'330782100215','前案村委会',10,'2017-04-19 19:00:31','2017-04-19 19:00:31'),(404,'330782100216','王宅村委会',10,'2017-04-19 19:00:31','2017-04-19 19:00:31'),(405,'330782100217','王江村委会',10,'2017-04-19 19:00:31','2017-04-19 19:00:31'),(406,'330782100218','杨宅村委会',10,'2017-04-19 19:00:31','2017-04-19 19:00:31'),(407,'330782100219','和溪村委会',10,'2017-04-19 19:00:31','2017-04-19 19:00:31'),(408,'330782100220','湖干村委会',10,'2017-04-19 19:00:31','2017-04-19 19:00:31'),(409,'330782100221','丹山村委会',10,'2017-04-19 19:00:31','2017-04-19 19:00:31'),(410,'330782100222','上叶村委会',10,'2017-04-19 19:00:31','2017-04-19 19:00:31'),(411,'330782100223','下叶村委会',10,'2017-04-19 19:00:31','2017-04-19 19:00:31'),(412,'330782100224','安头村委会',10,'2017-04-19 19:00:31','2017-04-19 19:00:31'),(413,'330782100225','方前村委会',10,'2017-04-19 19:00:31','2017-04-19 19:00:31'),(414,'330782100226','翁村村委会',10,'2017-04-19 19:00:31','2017-04-19 19:00:31'),(415,'330782100227','桥西村委会',10,'2017-04-19 19:00:31','2017-04-19 19:00:31'),(416,'330782100228','张宅一村委会',10,'2017-04-19 19:00:31','2017-04-19 19:00:31'),(417,'330782100229','张宅二村委会',10,'2017-04-19 19:00:31','2017-04-19 19:00:31'),(418,'330782100230','张宅三村委会',10,'2017-04-19 19:00:31','2017-04-19 19:00:31'),(419,'330782100231','王存村委会',10,'2017-04-19 19:00:31','2017-04-19 19:00:31'),(420,'330782100232','南殿口村委会',10,'2017-04-19 19:00:31','2017-04-19 19:00:31'),(421,'330782100233','盛村村委会',10,'2017-04-19 19:00:31','2017-04-19 19:00:31'),(422,'330782100234','楼村村委会',10,'2017-04-19 19:00:31','2017-04-19 19:00:31'),(423,'330782100235','前王村委会',10,'2017-04-19 19:00:31','2017-04-19 19:00:31'),(424,'330782100236','东山村委会',10,'2017-04-19 19:00:31','2017-04-19 19:00:31'),(425,'330782100237','田心一村村委会',10,'2017-04-19 19:00:31','2017-04-19 19:00:31'),(426,'330782100238','田心二村村委会',10,'2017-04-19 19:00:31','2017-04-19 19:00:31'),(427,'330782100239','田心三村村委会',10,'2017-04-19 19:00:31','2017-04-19 19:00:31'),(428,'330782100240','田心四村村委会',10,'2017-04-19 19:00:31','2017-04-19 19:00:31'),(429,'330782100241','光明村委会',10,'2017-04-19 19:00:31','2017-04-19 19:00:31'),(430,'330782100242','雅西村委会',10,'2017-04-19 19:00:31','2017-04-19 19:00:31'),(431,'330782100243','鲁雅村委会',10,'2017-04-19 19:00:31','2017-04-19 19:00:31'),(432,'330782100244','后塘村委会',10,'2017-04-19 19:00:31','2017-04-19 19:00:31'),(433,'330782100245','新店村委会',10,'2017-04-19 19:00:31','2017-04-19 19:00:31'),(434,'330782100246','毛陈村委会',10,'2017-04-19 19:00:31','2017-04-19 19:00:31'),(435,'330782100247','隔湖村委会',10,'2017-04-19 19:00:31','2017-04-19 19:00:31'),(436,'330782100248','舟墟村委会',10,'2017-04-19 19:00:31','2017-04-19 19:00:31'),(437,'330782100249','雁畈村委会',10,'2017-04-19 19:00:31','2017-04-19 19:00:31'),(438,'330782100250','后阳村委会',10,'2017-04-19 19:00:31','2017-04-19 19:00:31'),(439,'330782100255','吴溪叶村委会',10,'2017-04-19 19:00:31','2017-04-19 19:00:31'),(440,'330782100256','江南街村委会',10,'2017-04-19 19:00:31','2017-04-19 19:00:31'),(441,'330782100257','奕岩头村委会',10,'2017-04-19 19:00:32','2017-04-19 19:00:32'),(442,'330782100258','寺前西村委会',10,'2017-04-19 19:00:32','2017-04-19 19:00:32'),(443,'330782100259','寺前街村委会',10,'2017-04-19 19:00:32','2017-04-19 19:00:32'),(444,'330782100260','宝山头村委会',10,'2017-04-19 19:00:32','2017-04-19 19:00:32'),(445,'330782100261','徐塘下村委会',10,'2017-04-19 19:00:32','2017-04-19 19:00:32'),(446,'330782100262','靖安塘村委会',10,'2017-04-19 19:00:32','2017-04-19 19:00:32'),(447,'330782100263','下前王村委会',10,'2017-04-19 19:00:32','2017-04-19 19:00:32'),(448,'330782100264','后力山村委会',10,'2017-04-19 19:00:32','2017-04-19 19:00:32'),(449,'330782100265','塘下洋村委会',10,'2017-04-19 19:00:32','2017-04-19 19:00:32'),(450,'330782100266','湖滨村委会',10,'2017-04-19 19:00:32','2017-04-19 19:00:32'),(451,'330782100267','侯芹村委会',10,'2017-04-19 19:00:32','2017-04-19 19:00:32'),(452,'330782100268','泽塘村委会',10,'2017-04-19 19:00:32','2017-04-19 19:00:32'),(453,'330782100269','葛仙村委会',10,'2017-04-19 19:00:32','2017-04-19 19:00:32'),(454,'330782100270','金山村委会',10,'2017-04-19 19:00:32','2017-04-19 19:00:32'),(455,'330782100271','上村村委会',10,'2017-04-19 19:00:32','2017-04-19 19:00:32'),(456,'330782100272','寺口村委会',10,'2017-04-19 19:00:32','2017-04-19 19:00:32'),(457,'330782100273','联盟村委会',10,'2017-04-19 19:00:32','2017-04-19 19:00:32'),(458,'330782100274','联群村委会',10,'2017-04-19 19:00:32','2017-04-19 19:00:32'),(459,'330782100275','上陈村委会',10,'2017-04-19 19:00:32','2017-04-19 19:00:32'),(460,'330782100276','小官余村委会',10,'2017-04-19 19:00:32','2017-04-19 19:00:32'),(461,'330782100277','芦塘下村委会',10,'2017-04-19 19:00:32','2017-04-19 19:00:32'),(462,'330782100278','南朱村委会',10,'2017-04-19 19:00:32','2017-04-19 19:00:32'),(463,'330782100279','花园口村委会',10,'2017-04-19 19:00:32','2017-04-19 19:00:32'),(464,'330782100280','新塘西村委会',10,'2017-04-19 19:00:32','2017-04-19 19:00:32'),(465,'330782100281','倍磊一村委会',10,'2017-04-19 19:00:32','2017-04-19 19:00:32'),(466,'330782100282','倍磊二村委会',10,'2017-04-19 19:00:32','2017-04-19 19:00:32'),(467,'330782100283','倍磊三村委会',10,'2017-04-19 19:00:32','2017-04-19 19:00:32'),(468,'330782100284','倍磊四村委会',10,'2017-04-19 19:00:32','2017-04-19 19:00:32'),(469,'330782100285','倍磊埠头村委会',10,'2017-04-19 19:00:32','2017-04-19 19:00:32'),(470,'330782100286','塔山村委会',10,'2017-04-19 19:00:32','2017-04-19 19:00:32'),(471,'330782100287','云山村委会',10,'2017-04-19 19:00:32','2017-04-19 19:00:32'),(472,'330782100288','王新村委会',10,'2017-04-19 19:00:32','2017-04-19 19:00:32'),(473,'330782100289','骆村村委会',10,'2017-04-19 19:00:32','2017-04-19 19:00:32'),(474,'330782100290','上傅村委会',10,'2017-04-19 19:00:32','2017-04-19 19:00:32'),(475,'330782100291','陈村村委会',10,'2017-04-19 19:00:32','2017-04-19 19:00:32'),(476,'330782100292','白马村委会',10,'2017-04-19 19:00:32','2017-04-19 19:00:32'),(477,'330782100293','团力村委会',10,'2017-04-19 19:00:32','2017-04-19 19:00:32'),(478,'330782100294','六石村委会',10,'2017-04-19 19:00:32','2017-04-19 19:00:32'),(479,'330782100295','钟村村委会',10,'2017-04-19 19:00:32','2017-04-19 19:00:32'),(480,'330782100296','继成村委会',10,'2017-04-19 19:00:32','2017-04-19 19:00:32'),(481,'330782100297','坑口村委会',10,'2017-04-19 19:00:32','2017-04-19 19:00:32'),(482,'330782100298','石壁村委会',10,'2017-04-19 19:00:32','2017-04-19 19:00:32'),(483,'330782100299','剡溪村委会',10,'2017-04-19 19:00:32','2017-04-19 19:00:32'),(484,'330782100300','三角店村委会',10,'2017-04-19 19:00:32','2017-04-19 19:00:32'),(485,'330782100301','石门坑村委会',10,'2017-04-19 19:00:32','2017-04-19 19:00:32'),(486,'330782100302','小六石村委会',10,'2017-04-19 19:00:32','2017-04-19 19:00:32'),(487,'330782100303','八岭坑村委会',10,'2017-04-19 19:00:32','2017-04-19 19:00:32'),(488,'330782100304','南王店村委会',10,'2017-04-19 19:00:32','2017-04-19 19:00:32'),(489,'330782100305','画坞坑村委会',10,'2017-04-19 19:00:32','2017-04-19 19:00:32'),(490,'330782101001','赤岸居委会',11,'2017-04-19 19:00:32','2017-04-19 19:00:32'),(491,'330782101200','蒋坑村委会',11,'2017-04-19 19:00:33','2017-04-19 19:00:33'),(492,'330782101201','盆塘村委会',11,'2017-04-19 19:00:33','2017-04-19 19:00:33'),(493,'330782101202','柏峰村委会',11,'2017-04-19 19:00:33','2017-04-19 19:00:33'),(494,'330782101203','后山村委会',11,'2017-04-19 19:00:33','2017-04-19 19:00:33'),(495,'330782101204','溪西村委会',11,'2017-04-19 19:00:33','2017-04-19 19:00:33'),(496,'330782101205','巽村村委会',11,'2017-04-19 19:00:33','2017-04-19 19:00:33'),(497,'330782101206','塘边村委会',11,'2017-04-19 19:00:33','2017-04-19 19:00:33'),(498,'330782101207','胡坑里村委会',11,'2017-04-19 19:00:33','2017-04-19 19:00:33'),(499,'330782101208','大新屋村委会',11,'2017-04-19 19:00:33','2017-04-19 19:00:33'),(500,'330782101209','雅端村委会',11,'2017-04-19 19:00:33','2017-04-19 19:00:33'),(501,'330782101210','江头村委会',11,'2017-04-19 19:00:33','2017-04-19 19:00:33'),(502,'330782101211','东朱村委会',11,'2017-04-19 19:00:33','2017-04-19 19:00:33'),(503,'330782101212','石城村委会',11,'2017-04-19 19:00:33','2017-04-19 19:00:33'),(504,'330782101213','乔亭村委会',11,'2017-04-19 19:00:33','2017-04-19 19:00:33'),(505,'330782101214','薛村村委会',11,'2017-04-19 19:00:33','2017-04-19 19:00:33'),(506,'330782101215','乔溪村委会',11,'2017-04-19 19:00:33','2017-04-19 19:00:33'),(507,'330782101216','楼仓村委会',11,'2017-04-19 19:00:33','2017-04-19 19:00:33'),(508,'330782101217','环院村委会',11,'2017-04-19 19:00:33','2017-04-19 19:00:33'),(509,'330782101218','上谷村委会',11,'2017-04-19 19:00:33','2017-04-19 19:00:33'),(510,'330782101219','黄路村委会',11,'2017-04-19 19:00:33','2017-04-19 19:00:33'),(511,'330782101220','鱼曹头村委会',11,'2017-04-19 19:00:33','2017-04-19 19:00:33'),(512,'330782101221','南青口村委会',11,'2017-04-19 19:00:33','2017-04-19 19:00:33'),(513,'330782101222','下八石村委会',11,'2017-04-19 19:00:33','2017-04-19 19:00:33'),(514,'330782101223','上八石村委会',11,'2017-04-19 19:00:33','2017-04-19 19:00:33'),(515,'330782101224','神坛村委会',11,'2017-04-19 19:00:33','2017-04-19 19:00:33'),(516,'330782101225','大树下村委会',11,'2017-04-19 19:00:33','2017-04-19 19:00:33'),(517,'330782101226','午山干村委会',11,'2017-04-19 19:00:33','2017-04-19 19:00:33'),(518,'330782101227','下前旺村委会',11,'2017-04-19 19:00:33','2017-04-19 19:00:33'),(519,'330782101228','雅治街村委会',11,'2017-04-19 19:00:33','2017-04-19 19:00:33'),(520,'330782101229','赤岸一村委会',11,'2017-04-19 19:00:33','2017-04-19 19:00:33'),(521,'330782101230','赤岸二村委会',11,'2017-04-19 19:00:33','2017-04-19 19:00:33'),(522,'330782101231','赤岸三村委会',11,'2017-04-19 19:00:33','2017-04-19 19:00:33'),(523,'330782101232','赤岸四村委会',11,'2017-04-19 19:00:33','2017-04-19 19:00:33'),(524,'330782101233','南深塘村委会',11,'2017-04-19 19:00:33','2017-04-19 19:00:33'),(525,'330782101234','田沿村委会',11,'2017-04-19 19:00:33','2017-04-19 19:00:33'),(526,'330782101235','新樟村委会',11,'2017-04-19 19:00:33','2017-04-19 19:00:33'),(527,'330782101236','南杨村委会',11,'2017-04-19 19:00:33','2017-04-19 19:00:33'),(528,'330782101237','山盆村委会',11,'2017-04-19 19:00:33','2017-04-19 19:00:33'),(529,'330782101238','上吴村委会',11,'2017-04-19 19:00:33','2017-04-19 19:00:33'),(530,'330782101239','里城村委会',11,'2017-04-19 19:00:33','2017-04-19 19:00:33'),(531,'330782101240','晓丰村委会',11,'2017-04-19 19:00:33','2017-04-19 19:00:33'),(532,'330782101241','井潭村委会',11,'2017-04-19 19:00:33','2017-04-19 19:00:33'),(533,'330782101242','杨盆村委会',11,'2017-04-19 19:00:33','2017-04-19 19:00:33'),(534,'330782101243','丫溪村委会',11,'2017-04-19 19:00:33','2017-04-19 19:00:33'),(535,'330782101244','胡陈村委会',11,'2017-04-19 19:00:33','2017-04-19 19:00:33'),(536,'330782101245','尚阳村委会',11,'2017-04-19 19:00:33','2017-04-19 19:00:33'),(537,'330782101246','前川村委会',11,'2017-04-19 19:00:33','2017-04-19 19:00:33'),(538,'330782101247','朱店村委会',11,'2017-04-19 19:00:33','2017-04-19 19:00:33'),(539,'330782101248','湾塘村委会',11,'2017-04-19 19:00:34','2017-04-19 19:00:34'),(540,'330782101249','五柳村委会',11,'2017-04-19 19:00:34','2017-04-19 19:00:34'),(541,'330782101250','莱山村委会',11,'2017-04-19 19:00:34','2017-04-19 19:00:34'),(542,'330782101251','大桥村委会',11,'2017-04-19 19:00:34','2017-04-19 19:00:34'),(543,'330782101252','官余村委会',11,'2017-04-19 19:00:34','2017-04-19 19:00:34'),(544,'330782101253','青坑村委会',11,'2017-04-19 19:00:34','2017-04-19 19:00:34'),(545,'330782101254','古寺村委会',11,'2017-04-19 19:00:34','2017-04-19 19:00:34'),(546,'330782101255','慈溪村委会',11,'2017-04-19 19:00:34','2017-04-19 19:00:34'),(547,'330782101256','羊印村委会',11,'2017-04-19 19:00:34','2017-04-19 19:00:34'),(548,'330782101257','止方村委会',11,'2017-04-19 19:00:34','2017-04-19 19:00:34'),(549,'330782101258','后金宅村委会',11,'2017-04-19 19:00:34','2017-04-19 19:00:34'),(550,'330782101259','下水碓村委会',11,'2017-04-19 19:00:34','2017-04-19 19:00:34'),(551,'330782101260','下清溪村委会',11,'2017-04-19 19:00:34','2017-04-19 19:00:34'),(552,'330782101261','上清溪村委会',11,'2017-04-19 19:00:34','2017-04-19 19:00:34'),(553,'330782101262','石牛栏村委会',11,'2017-04-19 19:00:34','2017-04-19 19:00:34'),(554,'330782101263','大门里村委会',11,'2017-04-19 19:00:34','2017-04-19 19:00:34'),(555,'330782101264','三丫塘村委会',11,'2017-04-19 19:00:34','2017-04-19 19:00:34'),(556,'330782101265','三角毛店村委会',11,'2017-04-19 19:00:34','2017-04-19 19:00:34'),(557,'330782102002','陈家居委会',12,'2017-04-19 19:00:34','2017-04-19 19:00:34'),(558,'330782102003','义亭居委会',12,'2017-04-19 19:00:34','2017-04-19 19:00:34'),(559,'330782102004','荷店塘居委会',12,'2017-04-19 19:00:34','2017-04-19 19:00:34'),(560,'330782102005','旺吴桥居委会',12,'2017-04-19 19:00:34','2017-04-19 19:00:34'),(561,'330782102006','义亭车站居委会',12,'2017-04-19 19:00:34','2017-04-19 19:00:34'),(562,'330782102007','重阳居委会',12,'2017-04-19 19:00:34','2017-04-19 19:00:34'),(563,'330782102201','白塘村委会',12,'2017-04-19 19:00:34','2017-04-19 19:00:34'),(564,'330782102202','山景村委会',12,'2017-04-19 19:00:34','2017-04-19 19:00:34'),(565,'330782102203','鲍宅村委会',12,'2017-04-19 19:00:34','2017-04-19 19:00:34'),(566,'330782102204','雅宇村委会',12,'2017-04-19 19:00:34','2017-04-19 19:00:34'),(567,'330782102205','全村村委会',12,'2017-04-19 19:00:34','2017-04-19 19:00:34'),(568,'330782102206','前宅村委会',12,'2017-04-19 19:00:34','2017-04-19 19:00:34'),(569,'330782102207','后张村委会',12,'2017-04-19 19:00:34','2017-04-19 19:00:34'),(570,'330782102208','市口村委会',12,'2017-04-19 19:00:34','2017-04-19 19:00:34'),(571,'330782102209','西后畈村委会',12,'2017-04-19 19:00:34','2017-04-19 19:00:34'),(572,'330782102210','西吴村委会',12,'2017-04-19 19:00:34','2017-04-19 19:00:34'),(573,'330782102211','西杨村委会',12,'2017-04-19 19:00:34','2017-04-19 19:00:34'),(574,'330782102212','张家村委会',12,'2017-04-19 19:00:34','2017-04-19 19:00:34'),(575,'330782102213','吴村村委会',12,'2017-04-19 19:00:34','2017-04-19 19:00:34'),(576,'330782102214','傅宅村委会',12,'2017-04-19 19:00:34','2017-04-19 19:00:34'),(577,'330782102215','陇头朱一村村委会',12,'2017-04-19 19:00:34','2017-04-19 19:00:34'),(578,'330782102216','陇头朱二村村委会',12,'2017-04-19 19:00:34','2017-04-19 19:00:34'),(579,'330782102217','陇头朱三村村委会',12,'2017-04-19 19:00:34','2017-04-19 19:00:34'),(580,'330782102218','陇头朱四村村委会',12,'2017-04-19 19:00:34','2017-04-19 19:00:34'),(581,'330782102219','田塘村委会',12,'2017-04-19 19:00:34','2017-04-19 19:00:34'),(582,'330782102220','西田村委会',12,'2017-04-19 19:00:34','2017-04-19 19:00:34'),(583,'330782102221','青肃村委会',12,'2017-04-19 19:00:34','2017-04-19 19:00:34'),(584,'330782102222','上宅村委会',12,'2017-04-19 19:00:34','2017-04-19 19:00:34'),(585,'330782102223','车路村委会',12,'2017-04-19 19:00:34','2017-04-19 19:00:34'),(586,'330782102224','上滕村委会',12,'2017-04-19 19:00:34','2017-04-19 19:00:34'),(587,'330782102225','下店村委会',12,'2017-04-19 19:00:34','2017-04-19 19:00:34'),(588,'330782102226','下滕村委会',12,'2017-04-19 19:00:35','2017-04-19 19:00:35'),(589,'330782102227','先田村委会',12,'2017-04-19 19:00:35','2017-04-19 19:00:35'),(590,'330782102228','西楼村委会',12,'2017-04-19 19:00:35','2017-04-19 19:00:35'),(591,'330782102229','大楼村委会',12,'2017-04-19 19:00:35','2017-04-19 19:00:35'),(592,'330782102230','缸窑村委会',12,'2017-04-19 19:00:35','2017-04-19 19:00:35'),(593,'330782102231','何店村委会',12,'2017-04-19 19:00:35','2017-04-19 19:00:35'),(594,'330782102232','前屋村委会',12,'2017-04-19 19:00:35','2017-04-19 19:00:35'),(595,'330782102233','俞村村委会',12,'2017-04-19 19:00:35','2017-04-19 19:00:35'),(596,'330782102234','上胡村委会',12,'2017-04-19 19:00:35','2017-04-19 19:00:35'),(597,'330782102235','陈店村委会',12,'2017-04-19 19:00:35','2017-04-19 19:00:35'),(598,'330782102236','木桥村委会',12,'2017-04-19 19:00:35','2017-04-19 19:00:35'),(599,'330782102237','叶前村委会',12,'2017-04-19 19:00:35','2017-04-19 19:00:35'),(600,'330782102238','枧畴村委会',12,'2017-04-19 19:00:35','2017-04-19 19:00:35'),(601,'330782102239','杭畴村委会',12,'2017-04-19 19:00:35','2017-04-19 19:00:35'),(602,'330782102240','古亭塘村委会',12,'2017-04-19 19:00:35','2017-04-19 19:00:35'),(603,'330782102241','龙华院村委会',12,'2017-04-19 19:00:35','2017-04-19 19:00:35'),(604,'330782102242','下新屋村委会',12,'2017-04-19 19:00:35','2017-04-19 19:00:35'),(605,'330782102243','芦塘村委会',12,'2017-04-19 19:00:35','2017-04-19 19:00:35'),(606,'330782102244','念亩山村委会',12,'2017-04-19 19:00:35','2017-04-19 19:00:35'),(607,'330782102245','雅文楼村委会',12,'2017-04-19 19:00:35','2017-04-19 19:00:35'),(608,'330782102248','石塔一村委会',12,'2017-04-19 19:00:35','2017-04-19 19:00:35'),(609,'330782102249','石塔二村委会',12,'2017-04-19 19:00:35','2017-04-19 19:00:35'),(610,'330782102250','王山顶村委会',12,'2017-04-19 19:00:35','2017-04-19 19:00:35'),(611,'330782102251','新樊村委会',12,'2017-04-19 19:00:35','2017-04-19 19:00:35'),(612,'330782102252','仰科郑村委会',12,'2017-04-19 19:00:35','2017-04-19 19:00:35'),(613,'330782102253','新西河村委会',12,'2017-04-19 19:00:35','2017-04-19 19:00:35'),(614,'330782102254','王阡一村委会',12,'2017-04-19 19:00:35','2017-04-19 19:00:35'),(615,'330782102255','王阡二村委会',12,'2017-04-19 19:00:35','2017-04-19 19:00:35'),(616,'330782102256','王阡三村委会',12,'2017-04-19 19:00:35','2017-04-19 19:00:35'),(617,'330782102257','王莲塘村委会',12,'2017-04-19 19:00:35','2017-04-19 19:00:35'),(618,'330782102258','铜山前村委会',12,'2017-04-19 19:00:35','2017-04-19 19:00:35'),(619,'330782102259','里后张村委会',12,'2017-04-19 19:00:35','2017-04-19 19:00:35'),(620,'330782102260','白塔塘村委会',12,'2017-04-19 19:00:35','2017-04-19 19:00:35'),(621,'330782102261','畈田朱村委会',12,'2017-04-19 19:00:35','2017-04-19 19:00:35'),(622,'330782102262','早溪塘村委会',12,'2017-04-19 19:00:35','2017-04-19 19:00:35'),(623,'330782102263','上包西塘村委会',12,'2017-04-19 19:00:35','2017-04-19 19:00:35'),(624,'330782102264','下包西塘村委会',12,'2017-04-19 19:00:35','2017-04-19 19:00:35'),(625,'330782104001','镇中居委会',13,'2017-04-19 19:00:35','2017-04-19 19:00:35'),(626,'330782104002','镇东居委会',13,'2017-04-19 19:00:35','2017-04-19 19:00:35'),(627,'330782104200','岩口村委会',13,'2017-04-19 19:00:36','2017-04-19 19:00:36'),(628,'330782104201','余车村委会',13,'2017-04-19 19:00:36','2017-04-19 19:00:36'),(629,'330782104202','东余村委会',13,'2017-04-19 19:00:36','2017-04-19 19:00:36'),(630,'330782104203','云门村委会',13,'2017-04-19 19:00:36','2017-04-19 19:00:36'),(631,'330782104204','祥贝村委会',13,'2017-04-19 19:00:36','2017-04-19 19:00:36'),(632,'330782104205','樟村村委会',13,'2017-04-19 19:00:36','2017-04-19 19:00:36'),(633,'330782104206','五塘村委会',13,'2017-04-19 19:00:36','2017-04-19 19:00:36'),(634,'330782104207','宅山村委会',13,'2017-04-19 19:00:36','2017-04-19 19:00:36'),(635,'330782104208','寺西村委会',13,'2017-04-19 19:00:36','2017-04-19 19:00:36'),(636,'330782104209','上潘村委会',13,'2017-04-19 19:00:36','2017-04-19 19:00:36'),(637,'330782104210','关胡村委会',13,'2017-04-19 19:00:36','2017-04-19 19:00:36'),(638,'330782104211','上横塘村委会',13,'2017-04-19 19:00:36','2017-04-19 19:00:36'),(639,'330782104212','雅童村委会',13,'2017-04-19 19:00:36','2017-04-19 19:00:36'),(640,'330782104213','毛界村委会',13,'2017-04-19 19:00:36','2017-04-19 19:00:36'),(641,'330782104214','岩下村委会',13,'2017-04-19 19:00:36','2017-04-19 19:00:36'),(642,'330782104215','周村村委会',13,'2017-04-19 19:00:36','2017-04-19 19:00:36'),(643,'330782104216','楼角村委会',13,'2017-04-19 19:00:36','2017-04-19 19:00:36'),(644,'330782104217','上山村委会',13,'2017-04-19 19:00:36','2017-04-19 19:00:36'),(645,'330782104218','马岭村委会',13,'2017-04-19 19:00:36','2017-04-19 19:00:36'),(646,'330782104219','仙坪村委会',13,'2017-04-19 19:00:36','2017-04-19 19:00:36'),(647,'330782104220','白岩村委会',13,'2017-04-19 19:00:36','2017-04-19 19:00:36'),(648,'330782104221','仙溪村委会',13,'2017-04-19 19:00:36','2017-04-19 19:00:36'),(649,'330782104222','斯何村委会',13,'2017-04-19 19:00:36','2017-04-19 19:00:36'),(650,'330782104223','上深塘村委会',13,'2017-04-19 19:00:36','2017-04-19 19:00:36'),(651,'330782104224','贝家村委会',13,'2017-04-19 19:00:36','2017-04-19 19:00:36'),(652,'330782104225','山坞村委会',13,'2017-04-19 19:00:36','2017-04-19 19:00:36'),(653,'330782104226','长富村委会',13,'2017-04-19 19:00:36','2017-04-19 19:00:36'),(654,'330782104227','溪华村委会',13,'2017-04-19 19:00:36','2017-04-19 19:00:36'),(655,'330782104228','新西楼村委会',13,'2017-04-19 19:00:36','2017-04-19 19:00:36'),(656,'330782104229','后矮村委会',13,'2017-04-19 19:00:36','2017-04-19 19:00:36'),(657,'330782104230','水碓张村委会',13,'2017-04-19 19:00:36','2017-04-19 19:00:36'),(658,'330782104231','后溪村委会',13,'2017-04-19 19:00:36','2017-04-19 19:00:36'),(659,'330782104232','上楼宅村委会',13,'2017-04-19 19:00:36','2017-04-19 19:00:36'),(660,'330782104233','贾伯塘村委会',13,'2017-04-19 19:00:36','2017-04-19 19:00:36'),(661,'330782104234','红桥头村委会',13,'2017-04-19 19:00:36','2017-04-19 19:00:36'),(662,'330782104235','富塘下村委会',13,'2017-04-19 19:00:36','2017-04-19 19:00:36'),(663,'330782104236','下楼宅村委会',13,'2017-04-19 19:00:36','2017-04-19 19:00:36'),(664,'330782104237','石鼓后村委会',13,'2017-04-19 19:00:36','2017-04-19 19:00:36'),(665,'330782104238','里美山村委会',13,'2017-04-19 19:00:36','2017-04-19 19:00:36'),(666,'330782104239','五平山村委会',13,'2017-04-19 19:00:36','2017-04-19 19:00:36'),(667,'330782104240','乔里何村委会',13,'2017-04-19 19:00:37','2017-04-19 19:00:37'),(668,'330782104241','金傅宅村委会',13,'2017-04-19 19:00:37','2017-04-19 19:00:37'),(669,'330782104242','上溪一村委会',13,'2017-04-19 19:00:37','2017-04-19 19:00:37'),(670,'330782104243','上溪二村委会',13,'2017-04-19 19:00:37','2017-04-19 19:00:37'),(671,'330782104244','上溪三村委会',13,'2017-04-19 19:00:37','2017-04-19 19:00:37'),(672,'330782104245','黄山一村委会',13,'2017-04-19 19:00:37','2017-04-19 19:00:37'),(673,'330782104246','黄山二村委会',13,'2017-04-19 19:00:37','2017-04-19 19:00:37'),(674,'330782104247','黄山三村委会',13,'2017-04-19 19:00:37','2017-04-19 19:00:37'),(675,'330782104248','黄山四村委会',13,'2017-04-19 19:00:37','2017-04-19 19:00:37'),(676,'330782104249','黄山五村委会',13,'2017-04-19 19:00:37','2017-04-19 19:00:37'),(677,'330782104250','上白塔塘村委会',13,'2017-04-19 19:00:37','2017-04-19 19:00:37'),(678,'330782104251','荷市村委会',13,'2017-04-19 19:00:37','2017-04-19 19:00:37'),(679,'330782104252','新民村委会',13,'2017-04-19 19:00:37','2017-04-19 19:00:37'),(680,'330782104253','和平村委会',13,'2017-04-19 19:00:37','2017-04-19 19:00:37'),(681,'330782104254','南平村委会',13,'2017-04-19 19:00:37','2017-04-19 19:00:37'),(682,'330782104255','塘西村委会',13,'2017-04-19 19:00:37','2017-04-19 19:00:37'),(683,'330782104256','沈宅村委会',13,'2017-04-19 19:00:37','2017-04-19 19:00:37'),(684,'330782104257','王村村委会',13,'2017-04-19 19:00:37','2017-04-19 19:00:37'),(685,'330782104258','仇宅村委会',13,'2017-04-19 19:00:37','2017-04-19 19:00:37'),(686,'330782104259','前山村委会',13,'2017-04-19 19:00:37','2017-04-19 19:00:37'),(687,'330782104260','西坞村委会',13,'2017-04-19 19:00:37','2017-04-19 19:00:37'),(688,'330782104261','沿华村委会',13,'2017-04-19 19:00:37','2017-04-19 19:00:37'),(689,'330782104262','下宅村委会',13,'2017-04-19 19:00:37','2017-04-19 19:00:37'),(690,'330782104263','后宋村委会',13,'2017-04-19 19:00:37','2017-04-19 19:00:37'),(691,'330782104264','苍黄村委会',13,'2017-04-19 19:00:37','2017-04-19 19:00:37'),(692,'330782104265','上店村委会',13,'2017-04-19 19:00:37','2017-04-19 19:00:37'),(693,'330782104266','水碓村委会',13,'2017-04-19 19:00:37','2017-04-19 19:00:37'),(694,'330782104267','溪田村委会',13,'2017-04-19 19:00:37','2017-04-19 19:00:37'),(695,'330782104268','寺口蒋村委会',13,'2017-04-19 19:00:37','2017-04-19 19:00:37'),(696,'330782104269','派溪头村委会',13,'2017-04-19 19:00:37','2017-04-19 19:00:37'),(697,'330782104270','冷坞坪村委会',13,'2017-04-19 19:00:37','2017-04-19 19:00:37'),(698,'330782104271','苦竹塘村委会',13,'2017-04-19 19:00:37','2017-04-19 19:00:37'),(699,'330782104272','萧皇塘村委会',13,'2017-04-19 19:00:37','2017-04-19 19:00:37'),(700,'330782104273','寺口陈村委会',13,'2017-04-19 19:00:37','2017-04-19 19:00:37'),(701,'330782104274','毛塘楼村委会',13,'2017-04-19 19:00:37','2017-04-19 19:00:37'),(702,'330782104275','古塘下村委会',13,'2017-04-19 19:00:37','2017-04-19 19:00:37'),(703,'330782105002','胡宅社区居委会',14,'2017-04-19 19:00:37','2017-04-19 19:00:37'),(704,'330782105200','新院村委会',14,'2017-04-19 19:00:37','2017-04-19 19:00:37'),(705,'330782105201','蒋宅村委会',14,'2017-04-19 19:00:37','2017-04-19 19:00:37'),(706,'330782105202','后店村委会',14,'2017-04-19 19:00:37','2017-04-19 19:00:37'),(707,'330782105203','车站村委会',14,'2017-04-19 19:00:37','2017-04-19 19:00:37'),(708,'330782105204','苏院村委会',14,'2017-04-19 19:00:37','2017-04-19 19:00:37'),(709,'330782105205','马丁村委会',14,'2017-04-19 19:00:38','2017-04-19 19:00:38'),(710,'330782105206','新中村委会',14,'2017-04-19 19:00:38','2017-04-19 19:00:38'),(711,'330782105207','徐丰村委会',14,'2017-04-19 19:00:38','2017-04-19 19:00:38'),(712,'330782105208','立塘村委会',14,'2017-04-19 19:00:38','2017-04-19 19:00:38'),(713,'330782105209','密溪村委会',14,'2017-04-19 19:00:38','2017-04-19 19:00:38'),(714,'330782105210','洪流村委会',14,'2017-04-19 19:00:38','2017-04-19 19:00:38'),(715,'330782105211','东青村委会',14,'2017-04-19 19:00:38','2017-04-19 19:00:38'),(716,'330782105212','杜村村委会',14,'2017-04-19 19:00:38','2017-04-19 19:00:38'),(717,'330782105213','苏南村委会',14,'2017-04-19 19:00:38','2017-04-19 19:00:38'),(718,'330782105214','邢宅村委会',14,'2017-04-19 19:00:38','2017-04-19 19:00:38'),(719,'330782105215','新乐村委会',14,'2017-04-19 19:00:38','2017-04-19 19:00:38'),(720,'330782105216','王界村委会',14,'2017-04-19 19:00:38','2017-04-19 19:00:38'),(721,'330782105217','向东村委会',14,'2017-04-19 19:00:38','2017-04-19 19:00:38'),(722,'330782105218','韩界村委会',14,'2017-04-19 19:00:38','2017-04-19 19:00:38'),(723,'330782105219','长府村委会',14,'2017-04-19 19:00:38','2017-04-19 19:00:38'),(724,'330782105220','同春村委会',14,'2017-04-19 19:00:38','2017-04-19 19:00:38'),(725,'330782105221','同裕村委会',14,'2017-04-19 19:00:38','2017-04-19 19:00:38'),(726,'330782105222','三联村委会',14,'2017-04-19 19:00:38','2017-04-19 19:00:38'),(727,'330782105223','联合村委会',14,'2017-04-19 19:00:38','2017-04-19 19:00:38'),(728,'330782105224','上楼村委会',14,'2017-04-19 19:00:38','2017-04-19 19:00:38'),(729,'330782105225','青春村委会',14,'2017-04-19 19:00:38','2017-04-19 19:00:38'),(730,'330782105226','翁界村委会',14,'2017-04-19 19:00:38','2017-04-19 19:00:38'),(731,'330782105227','下屋村委会',14,'2017-04-19 19:00:38','2017-04-19 19:00:38'),(732,'330782105228','溪北村委会',14,'2017-04-19 19:00:38','2017-04-19 19:00:38'),(733,'330782105229','双溪村委会',14,'2017-04-19 19:00:38','2017-04-19 19:00:38'),(734,'330782105230','花厅村委会',14,'2017-04-19 19:00:38','2017-04-19 19:00:38'),(735,'330782105231','殿下村委会',14,'2017-04-19 19:00:38','2017-04-19 19:00:38'),(736,'330782105232','仙下村委会',14,'2017-04-19 19:00:38','2017-04-19 19:00:38'),(737,'330782105233','仙顶村委会',14,'2017-04-19 19:00:38','2017-04-19 19:00:38'),(738,'330782105234','龙华村委会',14,'2017-04-19 19:00:38','2017-04-19 19:00:38'),(739,'330782105235','屏风石村委会',14,'2017-04-19 19:00:38','2017-04-19 19:00:38'),(740,'330782105236','里西岗村委会',14,'2017-04-19 19:00:38','2017-04-19 19:00:38'),(741,'330782105237','杨梅岗村委会',14,'2017-04-19 19:00:38','2017-04-19 19:00:38'),(742,'330782105238','油碑塘村委会',14,'2017-04-19 19:00:38','2017-04-19 19:00:38'),(743,'330782105239','湾头下村委会',14,'2017-04-19 19:00:38','2017-04-19 19:00:38'),(744,'330782105240','齐山楼村委会',14,'2017-04-19 19:00:38','2017-04-19 19:00:38'),(745,'330782105241','月白塘村委会',14,'2017-04-19 19:00:38','2017-04-19 19:00:38'),(746,'330782105242','徐樟塘村委会',14,'2017-04-19 19:00:38','2017-04-19 19:00:38'),(747,'330782105243','余家殿村委会',14,'2017-04-19 19:00:38','2017-04-19 19:00:38'),(748,'330782105244','塘里蒋村委会',14,'2017-04-19 19:00:38','2017-04-19 19:00:38'),(749,'330782105245','里外甘村委会',14,'2017-04-19 19:00:38','2017-04-19 19:00:38'),(750,'330782105246','里宅村委会',14,'2017-04-19 19:00:38','2017-04-19 19:00:38'),(751,'330782105247','高岭村委会',14,'2017-04-19 19:00:39','2017-04-19 19:00:39'),(752,'330782105248','木城村委会',14,'2017-04-19 19:00:39','2017-04-19 19:00:39'),(753,'330782105249','石塘村委会',14,'2017-04-19 19:00:39','2017-04-19 19:00:39'),(754,'330782105250','下陈村委会',14,'2017-04-19 19:00:39','2017-04-19 19:00:39'),(755,'330782105251','新厅村委会',14,'2017-04-19 19:00:39','2017-04-19 19:00:39'),(756,'330782105252','上甘村委会',14,'2017-04-19 19:00:39','2017-04-19 19:00:39'),(757,'330782105253','范家村委会',14,'2017-04-19 19:00:39','2017-04-19 19:00:39'),(758,'330782105254','畈田村委会',14,'2017-04-19 19:00:39','2017-04-19 19:00:39'),(759,'330782105255','东宅村委会',14,'2017-04-19 19:00:39','2017-04-19 19:00:39'),(760,'330782105256','张浒村委会',14,'2017-04-19 19:00:39','2017-04-19 19:00:39'),(761,'330782105257','上西陶村委会',14,'2017-04-19 19:00:39','2017-04-19 19:00:39'),(762,'330782105258','后山坞村委会',14,'2017-04-19 19:00:39','2017-04-19 19:00:39'),(763,'330782105259','塘头应村委会',14,'2017-04-19 19:00:39','2017-04-19 19:00:39'),(764,'330782105260','东湖门村委会',14,'2017-04-19 19:00:39','2017-04-19 19:00:39'),(765,'330782105261','东殿前村委会',14,'2017-04-19 19:00:39','2017-04-19 19:00:39'),(766,'330782105262','上山下村委会',14,'2017-04-19 19:00:39','2017-04-19 19:00:39'),(767,'330782105263','上大路村委会',14,'2017-04-19 19:00:39','2017-04-19 19:00:39'),(768,'330782105264','楼下张村委会',14,'2017-04-19 19:00:39','2017-04-19 19:00:39'),(769,'330782105265','西山下村委会',14,'2017-04-19 19:00:39','2017-04-19 19:00:39'),(770,'330782105266','东陶村委会',14,'2017-04-19 19:00:39','2017-04-19 19:00:39'),(771,'330782105267','东洪村委会',14,'2017-04-19 19:00:39','2017-04-19 19:00:39'),(772,'330782106001','后畈居委会',15,'2017-04-19 19:00:39','2017-04-19 19:00:39'),(773,'330782106200','团结村委会',15,'2017-04-19 19:00:39','2017-04-19 19:00:39'),(774,'330782106201','杜桥村委会',15,'2017-04-19 19:00:39','2017-04-19 19:00:39'),(775,'330782106202','金都村委会',15,'2017-04-19 19:00:39','2017-04-19 19:00:39'),(776,'330782106203','红旗村委会',15,'2017-04-19 19:00:39','2017-04-19 19:00:39'),(777,'330782106204','湖山村委会',15,'2017-04-19 19:00:39','2017-04-19 19:00:39'),(778,'330782106205','甘山村委会',15,'2017-04-19 19:00:39','2017-04-19 19:00:39'),(779,'330782106206','凰升塘村委会',15,'2017-04-19 19:00:39','2017-04-19 19:00:39'),(780,'330782106207','温草塘村委会',15,'2017-04-19 19:00:39','2017-04-19 19:00:39'),(781,'330782106208','北金山村委会',15,'2017-04-19 19:00:39','2017-04-19 19:00:39'),(782,'330782106209','大陈一村委会',15,'2017-04-19 19:00:39','2017-04-19 19:00:39'),(783,'330782106210','大陈二村委会',15,'2017-04-19 19:00:39','2017-04-19 19:00:39'),(784,'330782106211','大陈三村委会',15,'2017-04-19 19:00:39','2017-04-19 19:00:39'),(785,'330782106212','朝塘村委会',15,'2017-04-19 19:00:39','2017-04-19 19:00:39'),(786,'330782106213','婆姆村委会',15,'2017-04-19 19:00:39','2017-04-19 19:00:39'),(787,'330782106214','西岸村委会',15,'2017-04-19 19:00:39','2017-04-19 19:00:39'),(788,'330782106215','芦柴村委会',15,'2017-04-19 19:00:39','2017-04-19 19:00:39'),(789,'330782106216','善坑村委会',15,'2017-04-19 19:00:39','2017-04-19 19:00:39'),(790,'330782106217','郎坞村委会',15,'2017-04-19 19:00:39','2017-04-19 19:00:39'),(791,'330782106218','板坞村委会',15,'2017-04-19 19:00:39','2017-04-19 19:00:39'),(792,'330782106219','马畈村委会',15,'2017-04-19 19:00:39','2017-04-19 19:00:39'),(793,'330782106220','春林村委会',15,'2017-04-19 19:00:39','2017-04-19 19:00:39'),(794,'330782106221','溪后村委会',15,'2017-04-19 19:00:39','2017-04-19 19:00:39'),(795,'330782106222','大畈村委会',15,'2017-04-19 19:00:39','2017-04-19 19:00:39'),(796,'330782106223','银甘山村委会',15,'2017-04-19 19:00:39','2017-04-19 19:00:39'),(797,'330782106224','楂林一村委会',15,'2017-04-19 19:00:39','2017-04-19 19:00:39'),(798,'330782106225','楂林二村委会',15,'2017-04-19 19:00:39','2017-04-19 19:00:39'),(799,'330782106226','杨塘岭村委会',15,'2017-04-19 19:00:40','2017-04-19 19:00:40'),(800,'330782106227','里楼山村委会',15,'2017-04-19 19:00:40','2017-04-19 19:00:40'),(801,'330782106228','李孟宅村委会',15,'2017-04-19 19:00:40','2017-04-19 19:00:40'),(802,'330782106229','上坑仁村委会',15,'2017-04-19 19:00:40','2017-04-19 19:00:40'),(803,'330782106230','大岭下村委会',15,'2017-04-19 19:00:40','2017-04-19 19:00:40'),(804,'330782106231','同坑殿下村委会',15,'2017-04-19 19:00:40','2017-04-19 19:00:40'),(805,'330782106232','杜门村委会',15,'2017-04-19 19:00:40','2017-04-19 19:00:40'),(806,'330782106233','红峰村委会',15,'2017-04-19 19:00:40','2017-04-19 19:00:40'),(807,'330782106234','宦塘村委会',15,'2017-04-19 19:00:40','2017-04-19 19:00:40'),(808,'330782106235','义北村委会',15,'2017-04-19 19:00:40','2017-04-19 19:00:40'),(809,'330782106236','灯塔村委会',15,'2017-04-19 19:00:40','2017-04-19 19:00:40'),(810,'330782106237','双园村委会',15,'2017-04-19 19:00:40','2017-04-19 19:00:40'),(811,'330782106238','东联村委会',15,'2017-04-19 19:00:40','2017-04-19 19:00:40'),(812,'330782106239','新建村委会',15,'2017-04-19 19:00:40','2017-04-19 19:00:40'),(813,'330782106240','高路村委会',15,'2017-04-19 19:00:40','2017-04-19 19:00:40'),(814,'330782106241','山府村委会',15,'2017-04-19 19:00:40','2017-04-19 19:00:40'),(815,'330782106242','北山村委会',15,'2017-04-19 19:00:40','2017-04-19 19:00:40'),(816,'330782106243','后田畈村委会',15,'2017-04-19 19:00:40','2017-04-19 19:00:40'),(817,'330782106244','楼家坞村委会',15,'2017-04-19 19:00:40','2017-04-19 19:00:40'),(818,'330782106245','八里桥头村委会',15,'2017-04-19 19:00:40','2017-04-19 19:00:40'),(819,'330782106246','立山黄村委会',15,'2017-04-19 19:00:40','2017-04-19 19:00:40'),(820,'330782106247','岩界村委会',15,'2017-04-19 19:00:40','2017-04-19 19:00:40'),(821,'532901','大理',821,'2017-04-19 19:04:21','2017-04-19 19:04:21'),(822,'532901001','大理创新工业园区天井办事处',821,'2017-04-19 19:04:21','2017-04-19 19:04:21'),(823,'532901002','大理创新工业园区满江办事处',821,'2017-04-19 19:04:21','2017-04-19 19:04:21'),(824,'532901101','下关镇',821,'2017-04-19 19:04:21','2017-04-19 19:04:21'),(825,'532901102','大理镇',821,'2017-04-19 19:04:21','2017-04-19 19:04:21'),(826,'532901103','大理创新工业园区凤仪镇',821,'2017-04-19 19:04:21','2017-04-19 19:04:21'),(827,'532901104','喜洲镇',821,'2017-04-19 19:04:21','2017-04-19 19:04:21'),(828,'532901105','海东镇',821,'2017-04-19 19:04:21','2017-04-19 19:04:21'),(829,'532901106','挖色镇',821,'2017-04-19 19:04:21','2017-04-19 19:04:21'),(830,'532901107','湾桥镇',821,'2017-04-19 19:04:21','2017-04-19 19:04:21'),(831,'532901108','银桥镇',821,'2017-04-19 19:04:21','2017-04-19 19:04:21'),(832,'532901109','双廊镇',821,'2017-04-19 19:04:21','2017-04-19 19:04:21'),(833,'532901110','上关镇',821,'2017-04-19 19:04:21','2017-04-19 19:04:21'),(834,'532901201','太邑彝族乡',821,'2017-04-19 19:04:21','2017-04-19 19:04:21'),(835,'532901001001','明珠社区',822,'2017-04-19 19:04:21','2017-04-19 19:04:21'),(836,'532901001002','登龙社区',822,'2017-04-19 19:04:21','2017-04-19 19:04:21'),(837,'532901001003','西窑社区',822,'2017-04-19 19:04:21','2017-04-19 19:04:21'),(838,'532901001004','天井社区',822,'2017-04-19 19:04:21','2017-04-19 19:04:21'),(839,'532901001005','云瑞社区',822,'2017-04-19 19:04:21','2017-04-19 19:04:21'),(840,'532901001006','云岭社区',822,'2017-04-19 19:04:21','2017-04-19 19:04:21'),(841,'532901001201','天井村委会',822,'2017-04-19 19:04:21','2017-04-19 19:04:21'),(842,'532901002201','满江村委会',823,'2017-04-19 19:04:21','2017-04-19 19:04:21'),(843,'532901002202','红山村委会',823,'2017-04-19 19:04:21','2017-04-19 19:04:21'),(844,'532901002203','晋湖村委会',823,'2017-04-19 19:04:21','2017-04-19 19:04:21'),(845,'532901101001','龙溪社区',824,'2017-04-19 19:04:21','2017-04-19 19:04:21'),(846,'532901101002','关迤社区',824,'2017-04-19 19:04:21','2017-04-19 19:04:21'),(847,'532901101003','兴盛社区',824,'2017-04-19 19:04:21','2017-04-19 19:04:21'),(848,'532901101004','泰安社区',824,'2017-04-19 19:04:21','2017-04-19 19:04:21'),(849,'532901101005','关平社区',824,'2017-04-19 19:04:21','2017-04-19 19:04:21'),(850,'532901101006','鸳浦社区',824,'2017-04-19 19:04:21','2017-04-19 19:04:21'),(851,'532901101007','正阳社区',824,'2017-04-19 19:04:22','2017-04-19 19:04:22'),(852,'532901101008','西大街社区',824,'2017-04-19 19:04:22','2017-04-19 19:04:22'),(853,'532901101009','幸福社区',824,'2017-04-19 19:04:22','2017-04-19 19:04:22'),(854,'532901101010','兴国社区',824,'2017-04-19 19:04:22','2017-04-19 19:04:22'),(855,'532901101011','龙祥社区',824,'2017-04-19 19:04:22','2017-04-19 19:04:22'),(856,'532901101012','万花社区',824,'2017-04-19 19:04:22','2017-04-19 19:04:22'),(857,'532901101013','榆华社区',824,'2017-04-19 19:04:22','2017-04-19 19:04:22'),(858,'532901101014','河畔社区',824,'2017-04-19 19:04:22','2017-04-19 19:04:22'),(859,'532901101015','吉苍社区',824,'2017-04-19 19:04:22','2017-04-19 19:04:22'),(860,'532901101016','花园社区',824,'2017-04-19 19:04:22','2017-04-19 19:04:22'),(861,'532901101017','南环社区',824,'2017-04-19 19:04:22','2017-04-19 19:04:22'),(862,'532901101018','福文社区',824,'2017-04-19 19:04:22','2017-04-19 19:04:22'),(863,'532901101019','宁和社区',824,'2017-04-19 19:04:22','2017-04-19 19:04:22'),(864,'532901101020','百乐社区',824,'2017-04-19 19:04:22','2017-04-19 19:04:22'),(865,'532901101021','玉龙社区',824,'2017-04-19 19:04:22','2017-04-19 19:04:22'),(866,'532901101201','龙泉村委会',824,'2017-04-19 19:04:22','2017-04-19 19:04:22'),(867,'532901101203','荷花村委会',824,'2017-04-19 19:04:22','2017-04-19 19:04:22'),(868,'532901101204','大关邑村委会',824,'2017-04-19 19:04:22','2017-04-19 19:04:22'),(869,'532901101205','金星村委会',824,'2017-04-19 19:04:22','2017-04-19 19:04:22'),(870,'532901101206','福星村委会',824,'2017-04-19 19:04:22','2017-04-19 19:04:22'),(871,'532901101207','文献村委会',824,'2017-04-19 19:04:22','2017-04-19 19:04:22'),(872,'532901101208','吊草村委会',824,'2017-04-19 19:04:22','2017-04-19 19:04:22'),(873,'532901101209','大麦地村委会',824,'2017-04-19 19:04:22','2017-04-19 19:04:22'),(874,'532901101210','温泉村委会',824,'2017-04-19 19:04:22','2017-04-19 19:04:22'),(875,'532901101211','刘官厂村委会',824,'2017-04-19 19:04:22','2017-04-19 19:04:22'),(876,'532901101212','洱滨村委会',824,'2017-04-19 19:04:22','2017-04-19 19:04:22'),(877,'532901101213','太和村委会',824,'2017-04-19 19:04:22','2017-04-19 19:04:22'),(878,'532901101214','大庄村委会',824,'2017-04-19 19:04:22','2017-04-19 19:04:22'),(879,'532901102001','五华社区',825,'2017-04-19 19:04:22','2017-04-19 19:04:22'),(880,'532901102002','玉洱社区',825,'2017-04-19 19:04:22','2017-04-19 19:04:22'),(881,'532901102003','魁阁社区',825,'2017-04-19 19:04:22','2017-04-19 19:04:22'),(882,'532901102004','银苍社区',825,'2017-04-19 19:04:22','2017-04-19 19:04:22'),(883,'532901102005','绿玉社区',825,'2017-04-19 19:04:22','2017-04-19 19:04:22'),(884,'532901102201','西门村委会',825,'2017-04-19 19:04:22','2017-04-19 19:04:22'),(885,'532901102202','南门村委会',825,'2017-04-19 19:04:22','2017-04-19 19:04:22'),(886,'532901102203','龙龛村委会',825,'2017-04-19 19:04:22','2017-04-19 19:04:22'),(887,'532901102204','才村村委会',825,'2017-04-19 19:04:22','2017-04-19 19:04:22'),(888,'532901102205','下鸡邑村委会',825,'2017-04-19 19:04:22','2017-04-19 19:04:22'),(889,'532901102206','上鸡邑村委会',825,'2017-04-19 19:04:22','2017-04-19 19:04:22'),(890,'532901102207','小岑村委会',825,'2017-04-19 19:04:22','2017-04-19 19:04:22'),(891,'532901102208','东门村委会',825,'2017-04-19 19:04:22','2017-04-19 19:04:22'),(892,'532901102209','三文笔村委会',825,'2017-04-19 19:04:22','2017-04-19 19:04:22'),(893,'532901102210','上末村委会',825,'2017-04-19 19:04:22','2017-04-19 19:04:22'),(894,'532901102211','阳和村委会',825,'2017-04-19 19:04:22','2017-04-19 19:04:22'),(895,'532901102212','下兑村委会',825,'2017-04-19 19:04:22','2017-04-19 19:04:22'),(896,'532901103201','凤鸣村委会',826,'2017-04-19 19:04:22','2017-04-19 19:04:22'),(897,'532901103202','后山村委会',826,'2017-04-19 19:04:22','2017-04-19 19:04:22'),(898,'532901103203','三哨村委会',826,'2017-04-19 19:04:22','2017-04-19 19:04:22'),(899,'532901103204','吉祥村委会',826,'2017-04-19 19:04:22','2017-04-19 19:04:22'),(900,'532901103205','丰乐村委会',826,'2017-04-19 19:04:23','2017-04-19 19:04:23'),(901,'532901103206','江西村委会',826,'2017-04-19 19:04:23','2017-04-19 19:04:23'),(902,'532901103207','锦阜村委会',826,'2017-04-19 19:04:23','2017-04-19 19:04:23'),(903,'532901103208','乐和村委会',826,'2017-04-19 19:04:23','2017-04-19 19:04:23'),(904,'532901103209','东山村委会',826,'2017-04-19 19:04:23','2017-04-19 19:04:23'),(905,'532901103210','石龙村委会',826,'2017-04-19 19:04:23','2017-04-19 19:04:23'),(906,'532901103211','庄科村委会',826,'2017-04-19 19:04:23','2017-04-19 19:04:23'),(907,'532901103212','云浪村委会',826,'2017-04-19 19:04:23','2017-04-19 19:04:23'),(908,'532901103213','华营村委会',826,'2017-04-19 19:04:23','2017-04-19 19:04:23'),(909,'532901103214','芝华村委会',826,'2017-04-19 19:04:23','2017-04-19 19:04:23'),(910,'532901104201','喜洲村委会',827,'2017-04-19 19:04:23','2017-04-19 19:04:23'),(911,'532901104202','寺里村委会',827,'2017-04-19 19:04:23','2017-04-19 19:04:23'),(912,'532901104203','桃源村委会',827,'2017-04-19 19:04:23','2017-04-19 19:04:23'),(913,'532901104204','仁里邑村委会',827,'2017-04-19 19:04:23','2017-04-19 19:04:23'),(914,'532901104205','永兴村委会',827,'2017-04-19 19:04:23','2017-04-19 19:04:23'),(915,'532901104206','文阁村委会',827,'2017-04-19 19:04:23','2017-04-19 19:04:23'),(916,'532901104207','上关村委会',827,'2017-04-19 19:04:23','2017-04-19 19:04:23'),(917,'532901104208','沙村村委会',827,'2017-04-19 19:04:23','2017-04-19 19:04:23'),(918,'532901104209','金河村委会',827,'2017-04-19 19:04:23','2017-04-19 19:04:23'),(919,'532901104210','河矣江村委会',827,'2017-04-19 19:04:23','2017-04-19 19:04:23'),(920,'532901104211','庆洞村委会',827,'2017-04-19 19:04:23','2017-04-19 19:04:23'),(921,'532901104212','作邑村委会',827,'2017-04-19 19:04:23','2017-04-19 19:04:23'),(922,'532901104213','周城村委会',827,'2017-04-19 19:04:23','2017-04-19 19:04:23'),(923,'532901105201','向阳村委会',828,'2017-04-19 19:04:23','2017-04-19 19:04:23'),(924,'532901105202','文武村委会',828,'2017-04-19 19:04:23','2017-04-19 19:04:23'),(925,'532901105203','名庄村委会',828,'2017-04-19 19:04:23','2017-04-19 19:04:23'),(926,'532901105204','南村村委会',828,'2017-04-19 19:04:23','2017-04-19 19:04:23'),(927,'532901105205','上和村委会',828,'2017-04-19 19:04:23','2017-04-19 19:04:23'),(928,'532901105206','上登村委会',828,'2017-04-19 19:04:23','2017-04-19 19:04:23'),(929,'532901105207','金梭岛村委会',828,'2017-04-19 19:04:23','2017-04-19 19:04:23'),(930,'532901105208','文笔村委会',828,'2017-04-19 19:04:23','2017-04-19 19:04:23'),(931,'532901106201','挖色村委会',829,'2017-04-19 19:04:23','2017-04-19 19:04:23'),(932,'532901106202','高兴村委会',829,'2017-04-19 19:04:23','2017-04-19 19:04:23'),(933,'532901106203','大成村委会',829,'2017-04-19 19:04:23','2017-04-19 19:04:23'),(934,'532901106204','光邑村委会',829,'2017-04-19 19:04:23','2017-04-19 19:04:23'),(935,'532901106205','康廊村委会',829,'2017-04-19 19:04:23','2017-04-19 19:04:23'),(936,'532901106206','海印村委会',829,'2017-04-19 19:04:23','2017-04-19 19:04:23'),(937,'532901107201','湾桥村委会',830,'2017-04-19 19:04:23','2017-04-19 19:04:23'),(938,'532901107202','中庄村委会',830,'2017-04-19 19:04:23','2017-04-19 19:04:23'),(939,'532901107203','云峰村委会',830,'2017-04-19 19:04:23','2017-04-19 19:04:23'),(940,'532901107204','石岭村委会',830,'2017-04-19 19:04:23','2017-04-19 19:04:23'),(941,'532901107205','甸中村委会',830,'2017-04-19 19:04:23','2017-04-19 19:04:23'),(942,'532901107206','上阳溪村委会',830,'2017-04-19 19:04:23','2017-04-19 19:04:23'),(943,'532901107207','向阳溪村委会',830,'2017-04-19 19:04:23','2017-04-19 19:04:23'),(944,'532901108201','鹤阳村委会',831,'2017-04-19 19:04:23','2017-04-19 19:04:23'),(945,'532901108202','五里桥村委会',831,'2017-04-19 19:04:24','2017-04-19 19:04:24'),(946,'532901108203','银桥村委会',831,'2017-04-19 19:04:24','2017-04-19 19:04:24'),(947,'532901108204','磻溪村委会',831,'2017-04-19 19:04:24','2017-04-19 19:04:24'),(948,'532901108205','新邑村委会',831,'2017-04-19 19:04:24','2017-04-19 19:04:24'),(949,'532901108206','阳波村委会',831,'2017-04-19 19:04:24','2017-04-19 19:04:24'),(950,'532901108207','马久邑村委会',831,'2017-04-19 19:04:24','2017-04-19 19:04:24'),(951,'532901108208','双阳村委会',831,'2017-04-19 19:04:24','2017-04-19 19:04:24'),(952,'532901109201','双廊村委会',832,'2017-04-19 19:04:24','2017-04-19 19:04:24'),(953,'532901109202','长育村委会',832,'2017-04-19 19:04:24','2017-04-19 19:04:24'),(954,'532901109203','大建旁村委会',832,'2017-04-19 19:04:24','2017-04-19 19:04:24'),(955,'532901109204','青山村委会',832,'2017-04-19 19:04:24','2017-04-19 19:04:24'),(956,'532901109205','伙山村委会',832,'2017-04-19 19:04:24','2017-04-19 19:04:24'),(957,'532901109206','五星村委会',832,'2017-04-19 19:04:24','2017-04-19 19:04:24'),(958,'532901109207','石块村委会',832,'2017-04-19 19:04:24','2017-04-19 19:04:24'),(959,'532901110201','江尾村委会',833,'2017-04-19 19:04:24','2017-04-19 19:04:24'),(960,'532901110202','青索村委会',833,'2017-04-19 19:04:24','2017-04-19 19:04:24'),(961,'532901110203','大把关村委会',833,'2017-04-19 19:04:24','2017-04-19 19:04:24'),(962,'532901110204','兆邑村委会',833,'2017-04-19 19:04:24','2017-04-19 19:04:24'),(963,'532901110205','漏邑村委会',833,'2017-04-19 19:04:24','2017-04-19 19:04:24'),(964,'532901110206','沙坪村委会',833,'2017-04-19 19:04:24','2017-04-19 19:04:24'),(965,'532901110207','东沙坪村委会',833,'2017-04-19 19:04:24','2017-04-19 19:04:24'),(966,'532901110208','大排村委会',833,'2017-04-19 19:04:24','2017-04-19 19:04:24'),(967,'532901110209','河尾村委会',833,'2017-04-19 19:04:24','2017-04-19 19:04:24'),(968,'532901110210','大营村委会',833,'2017-04-19 19:04:24','2017-04-19 19:04:24'),(969,'532901110211','马甲邑村委会',833,'2017-04-19 19:04:24','2017-04-19 19:04:24'),(970,'532901110212','马厂村委会',833,'2017-04-19 19:04:24','2017-04-19 19:04:24'),(971,'532901110213','海潮河村委会',833,'2017-04-19 19:04:24','2017-04-19 19:04:24'),(972,'532901201201','太邑村委会',834,'2017-04-19 19:04:24','2017-04-19 19:04:24'),(973,'532901201202','者么村委会',834,'2017-04-19 19:04:24','2017-04-19 19:04:24'),(974,'532901201203','桃树村委会',834,'2017-04-19 19:04:24','2017-04-19 19:04:24'),(975,'532901201204','乌栖村委会',834,'2017-04-19 19:04:24','2017-04-19 19:04:24'),(976,'532901201205','己早村委会',834,'2017-04-19 19:04:24','2017-04-19 19:04:24');
/*!40000 ALTER TABLE `region` ENABLE KEYS */;
UNLOCK TABLES;

--
-- Table structure for table `rent_record`
--

DROP TABLE IF EXISTS `rent_record`;
/*!40101 SET @saved_cs_client     = @@character_set_client */;
/*!40101 SET character_set_client = utf8 */;
CREATE TABLE `rent_record` (
  `id` bigint(20) NOT NULL AUTO_INCREMENT COMMENT '自增主键',
  `house_id` bigint(20) unsigned NOT NULL,
  `renter_id` bigint(20) unsigned NOT NULL,
  `gmt_create` datetime DEFAULT NULL,
  `gmt_modified` datetime DEFAULT NULL,
  `content` varchar(150) DEFAULT NULL COMMENT '历史租赁记录日志信息描述 ',
  PRIMARY KEY (`id`,`renter_id`),
  UNIQUE KEY `id_UNIQUE` (`id`),
  KEY `fk_rent_record_house1_idx` (`house_id`),
  KEY `fk_rent_record_renter1_idx` (`renter_id`),
  CONSTRAINT `fk_rent_record_house1` FOREIGN KEY (`house_id`) REFERENCES `house` (`id`) ON DELETE NO ACTION ON UPDATE NO ACTION,
  CONSTRAINT `fk_rent_record_renter1` FOREIGN KEY (`renter_id`) REFERENCES `renter` (`id`) ON DELETE NO ACTION ON UPDATE NO ACTION
) ENGINE=InnoDB AUTO_INCREMENT=216 DEFAULT CHARSET=utf8 COMMENT='租客租住记录';
/*!40101 SET character_set_client = @saved_cs_client */;

--
-- Dumping data for table `rent_record`
--

LOCK TABLES `rent_record` WRITE;
/*!40000 ALTER TABLE `rent_record` DISABLE KEYS */;
INSERT INTO `rent_record` VALUES (1,1,11,NULL,NULL,NULL),(2,1,11,'2017-05-03 14:32:59',NULL,'在2017-05-03 02:32办理续租'),(3,57,11,'2017-05-03 14:45:55',NULL,'在2017-05-03 02:45办理续租'),(4,1,11,'2017-05-03 14:56:42',NULL,'在2017-05-03 02:56办理续租'),(5,57,11,'2017-05-03 15:13:31',NULL,'在2017-05-03 03:13办理续租'),(6,1,11,'2017-05-03 15:13:43',NULL,'在2017-05-03 03:13办理续租'),(7,57,11,'2017-05-03 15:15:26',NULL,'在2017-05-03 03:15办理续租'),(8,57,11,'2017-05-03 15:17:38',NULL,'在2017-05-03 03:17办理续租'),(9,57,11,'2017-05-03 15:17:48',NULL,'在2017-05-03 03:17办理续租'),(10,1,11,'2017-05-03 15:18:05',NULL,'在2017-05-03 03:18办理续租'),(11,1,11,'2017-05-03 15:18:14',NULL,'在2017-05-03 03:18办理续租'),(12,57,11,'2017-05-03 15:22:17',NULL,'在2017-05-03 03:22办理续租'),(13,1,11,'2017-05-03 15:23:49',NULL,'在2017-05-03 03:23办理续租'),(14,1,11,'2017-05-03 15:25:40',NULL,'在2017-05-03 03:25办理续租'),(15,1,11,'2017-05-03 15:29:16',NULL,'在2017-05-03 03:29办理续租'),(16,1,11,'2017-05-03 15:29:29',NULL,'在2017-05-03 03:29办理续租'),(17,1,11,'2017-05-03 16:01:05',NULL,'在2017-05-03 04:01办理续租'),(18,57,11,'2017-05-03 16:01:19',NULL,'在2017-05-03 04:01办理续租'),(19,57,11,'2017-05-03 16:01:35',NULL,'在2017-05-03 04:01办理续租'),(20,1,11,'2017-05-03 16:01:47',NULL,'在2017-05-03 04:01办理续租'),(21,57,11,'2017-05-03 16:58:52',NULL,'在2017-05-03 04:58办理退租'),(22,1,11,'2017-05-03 16:58:56',NULL,'在2017-05-03 04:58办理退租'),(23,1,11,'2017-05-03 17:52:50',NULL,'在2017-05-03 05:52办理续租'),(24,1,11,'2017-05-03 17:57:45',NULL,'在2017-05-03 05:57办理续租'),(25,1,11,'2017-05-03 18:00:25',NULL,'在2017-05-03 06:00办理退租'),(26,3,11,'2017-05-03 19:00:21',NULL,'在2017-05-03 07:00办理续租'),(27,3,11,'2017-05-03 19:02:39',NULL,'在2017-05-03 07:02办理续租'),(28,3,11,'2017-05-03 19:03:51',NULL,'在2017-05-03 07:03办理续租'),(29,3,11,'2017-05-03 19:05:10',NULL,'在2017-05-03 07:05办理续租'),(30,3,11,'2017-05-03 19:06:28',NULL,'在2017-05-03 07:06办理续租'),(31,3,11,'2017-05-03 19:07:49',NULL,'在2017-05-03 07:07办理续租'),(32,3,11,'2017-05-03 19:10:46',NULL,'在2017-05-03 07:10办理续租'),(33,3,11,'2017-05-03 19:11:00',NULL,'在2017-05-03 07:11办理续租'),(34,3,11,'2017-05-03 19:11:10',NULL,'在2017-05-03 07:11办理续租'),(35,3,11,'2017-05-03 19:12:56',NULL,'在2017-05-03 07:12办理续租'),(36,3,11,'2017-05-03 19:14:54',NULL,'在2017-05-03 07:14办理续租'),(37,3,11,'2017-05-03 19:15:14',NULL,'在2017-05-03 07:15办理续租'),(38,3,11,'2017-05-03 19:22:52',NULL,'在2017-05-03 07:22办理续租'),(39,3,11,'2017-05-03 19:23:14',NULL,'在2017-05-03 07:23办理续租'),(40,3,11,'2017-05-03 19:31:00',NULL,'在2017-05-03 07:31办理续租'),(41,1,11,'2017-05-03 19:31:13',NULL,'在2017-05-03 07:31办理续租'),(42,2,11,'2017-05-03 19:31:20',NULL,'在2017-05-03 07:31办理续租'),(43,1,11,'2017-05-03 19:31:31',NULL,'在2017-05-03 07:31办理续租'),(44,2,11,'2017-05-03 19:32:48',NULL,'在2017-05-03 07:32办理续租'),(45,2,11,'2017-05-03 19:41:55',NULL,'在2017-05-03 07:41办理续租'),(46,1,11,'2017-05-03 19:43:38',NULL,'在2017-05-03 07:43办理续租'),(47,1,11,'2017-05-03 19:43:50',NULL,'在2017-05-03 07:43办理续租'),(48,1,11,'2017-05-03 19:44:02',NULL,'在2017-05-03 07:44办理续租'),(49,2,11,'2017-05-03 20:35:27',NULL,'在2017-05-03 08:35办理续租'),(50,3,11,'2017-05-03 20:35:49',NULL,'在2017-05-03 08:35办理续租'),(51,3,11,'2017-05-03 20:36:16',NULL,'在2017-05-03 08:36办理续租'),(52,57,11,'2017-05-04 08:59:01',NULL,'在2017-05-04 08:59办理退租'),(53,3,11,'2017-05-04 09:03:04',NULL,'在2017-05-04 09:03办理续租'),(54,66,11,'2017-05-04 16:44:22',NULL,'在2017-05-04 04:44办理退租'),(55,1,11,'2017-05-04 16:45:33',NULL,'在2017-05-04 04:45办理退租'),(56,2,11,'2017-05-04 16:50:35',NULL,'在2017-05-04 04:50办理退租'),(57,62,11,'2017-05-04 16:52:55',NULL,'在2017-05-04 04:52办理退租'),(58,3,11,'2017-05-04 16:54:30',NULL,'在2017-05-04 04:54办理退租'),(59,1,11,'2017-05-04 16:57:06',NULL,'在2017-05-04 04:57办理退租'),(60,1,11,'2017-05-04 16:57:36',NULL,'在2017-05-04 04:57办理退租'),(61,1,11,'2017-05-04 16:58:41',NULL,'在2017-05-04 04:58办理退租'),(62,1,11,'2017-05-04 16:59:14',NULL,'在2017-05-04 04:59办理退租'),(63,62,11,'2017-05-04 17:46:57',NULL,'在2017-05-04 05:46办理退租'),(64,1,11,'2017-05-04 17:49:52',NULL,'在2017-05-04 05:49办理退租'),(65,1,11,'2017-05-04 17:51:46',NULL,'在2017-05-04 05:51办理退租'),(66,1,11,'2017-05-04 17:53:44',NULL,'在2017-05-04 05:53办理退租'),(67,1,11,'2017-05-04 17:53:54',NULL,'在2017-05-04 05:53办理退租'),(68,1,11,'2017-05-04 18:06:37',NULL,'在2017-05-04 06:06办理退租'),(69,1,11,'2017-05-04 18:11:49',NULL,'在2017-05-04 06:11办理退租'),(70,1,11,'2017-05-04 18:14:01',NULL,'在2017-05-04 06:14办理退租'),(71,1,11,'2017-05-04 18:15:33',NULL,'在2017-05-04 06:15办理退租'),(72,57,11,'2017-05-04 18:15:37',NULL,'在2017-05-04 06:15办理退租'),(73,1,11,'2017-05-04 18:17:34',NULL,'在2017-05-04 06:17办理退租'),(74,57,11,'2017-05-04 18:18:57',NULL,'在2017-05-04 06:18办理续租'),(75,57,11,'2017-05-04 18:20:04',NULL,'在2017-05-04 06:20办理退租'),(76,1,11,'2017-05-04 18:21:36',NULL,'在2017-05-04 06:21办理退租'),(77,69,11,'2017-05-05 14:30:42',NULL,'在2017-05-05 02:30:41办理续租'),(78,69,11,'2017-05-05 14:34:03',NULL,'在2017-05-05 02:34办理续租'),(79,69,11,'2017-05-05 14:35:17',NULL,'在2017-05-05 02:35办理退租'),(80,67,11,'2017-05-05 14:35:28',NULL,'在2017-05-05 02:35办理退租'),(81,68,11,'2017-05-05 14:35:31',NULL,'在2017-05-05 02:35办理退租'),(82,67,11,'2017-05-05 14:42:11',NULL,'在2017-05-05 02:42办理退租'),(83,68,11,'2017-05-05 14:42:35',NULL,'在2017-05-05 02:42办理退租'),(84,57,11,'2017-05-05 15:34:44',NULL,'在2017-05-05 03:34办理续租'),(85,57,11,'2017-05-05 15:36:13',NULL,'在2017-05-05 03:36办理续租'),(86,1,11,'2017-05-05 15:38:15',NULL,'在2017-05-05 03:38办理续租'),(87,57,11,'2017-05-05 15:38:41',NULL,'在2017-05-05 03:38办理退租'),(88,1,11,'2017-05-05 15:38:46',NULL,'在2017-05-05 03:38办理退租'),(89,62,11,'2017-05-08 11:03:56',NULL,'在2017-05-08 11:03办理退租'),(90,63,11,'2017-05-08 11:03:59',NULL,'在2017-05-08 11:03办理退租'),(91,64,11,'2017-05-08 11:04:01',NULL,'在2017-05-08 11:04办理退租'),(92,69,11,'2017-05-08 11:04:04',NULL,'在2017-05-08 11:04办理退租'),(93,66,11,'2017-05-08 11:04:07',NULL,'在2017-05-08 11:04办理退租'),(94,67,11,'2017-05-08 11:04:10',NULL,'在2017-05-08 11:04办理退租'),(95,65,11,'2017-05-08 11:04:12',NULL,'在2017-05-08 11:04办理退租'),(96,1,11,'2017-05-08 11:04:15',NULL,'在2017-05-08 11:04办理退租'),(97,64,11,'2017-05-08 11:12:37',NULL,'在2017-05-08 11:12办理退租'),(98,57,11,'2017-05-08 11:12:40',NULL,'在2017-05-08 11:12办理退租'),(99,5,11,'2017-05-08 11:12:43',NULL,'在2017-05-08 11:12办理退租'),(100,1,11,'2017-05-08 11:12:46',NULL,'在2017-05-08 11:12办理退租'),(101,1,11,'2017-05-08 11:15:37',NULL,'在2017-05-08 11:15办理退租'),(102,57,18,'2017-05-08 14:47:16',NULL,'在2017-05-08 02:47办理续租'),(103,67,11,'2017-05-12 11:42:22',NULL,'在2017-05-12 11:42办理退租'),(104,63,11,'2017-05-12 11:42:25',NULL,'在2017-05-12 11:42办理退租'),(105,65,11,'2017-05-12 11:42:27',NULL,'在2017-05-12 11:42办理退租'),(106,69,11,'2017-05-12 11:42:29',NULL,'在2017-05-12 11:42办理退租'),(107,57,11,'2017-05-12 11:42:31',NULL,'在2017-05-12 11:42办理退租'),(108,70,11,'2017-05-12 11:42:36',NULL,'在2017-05-12 11:42办理退租'),(109,64,11,'2017-05-12 11:42:39',NULL,'在2017-05-12 11:42办理退租'),(110,66,11,'2017-05-12 11:42:41',NULL,'在2017-05-12 11:42办理退租'),(111,68,11,'2017-05-12 11:42:44',NULL,'在2017-05-12 11:42办理退租'),(112,72,11,'2017-05-12 12:47:35',NULL,'在2017-05-12 12:47办理退租'),(113,73,11,'2017-05-12 12:47:38',NULL,'在2017-05-12 12:47办理退租'),(114,66,11,'2017-05-12 12:47:41',NULL,'在2017-05-12 12:47办理退租'),(115,70,11,'2017-05-12 12:47:44',NULL,'在2017-05-12 12:47办理退租'),(116,68,11,'2017-05-12 12:47:48',NULL,'在2017-05-12 12:47办理退租'),(117,67,11,'2017-05-12 12:47:50',NULL,'在2017-05-12 12:47办理退租'),(118,57,11,'2017-05-12 12:47:53',NULL,'在2017-05-12 12:47办理退租'),(119,52,11,'2017-05-12 12:47:55',NULL,'在2017-05-12 12:47办理退租'),(120,74,11,'2017-05-12 12:47:58',NULL,'在2017-05-12 12:47办理退租'),(121,67,11,'2017-05-12 14:56:07',NULL,'在2017-05-12 02:56办理退租'),(122,63,11,'2017-05-12 14:56:10',NULL,'在2017-05-12 02:56办理退租'),(123,73,11,'2017-05-12 14:56:13',NULL,'在2017-05-12 02:56办理退租'),(124,55,11,'2017-05-12 14:56:16',NULL,'在2017-05-12 02:56办理退租'),(125,72,11,'2017-05-12 14:56:18',NULL,'在2017-05-12 02:56办理退租'),(126,52,11,'2017-05-12 14:56:20',NULL,'在2017-05-12 02:56办理退租'),(127,74,11,'2017-05-12 14:56:22',NULL,'在2017-05-12 02:56办理退租'),(128,68,11,'2017-05-12 15:28:31',NULL,'在2017-05-12 03:28办理退租'),(129,57,11,'2017-05-12 15:28:34',NULL,'在2017-05-12 03:28办理退租'),(130,73,11,'2017-05-12 15:28:36',NULL,'在2017-05-12 03:28办理退租'),(131,52,11,'2017-05-12 15:28:38',NULL,'在2017-05-12 03:28办理退租'),(132,69,11,'2017-05-12 15:57:35',NULL,'在2017-05-12 03:57办理退租'),(133,73,11,'2017-05-12 15:57:37',NULL,'在2017-05-12 03:57办理退租'),(134,57,11,'2017-05-12 15:57:42',NULL,'在2017-05-12 03:57办理退租'),(135,52,11,'2017-05-12 15:57:44',NULL,'在2017-05-12 03:57办理退租'),(136,73,11,'2017-05-12 16:03:20',NULL,'在2017-05-12 04:03办理退租'),(137,52,11,'2017-05-12 16:03:23',NULL,'在2017-05-12 04:03办理退租'),(138,52,11,'2017-05-12 16:56:13',NULL,'在2017-05-12 04:56办理退租'),(139,72,11,'2017-05-12 17:17:00',NULL,'在2017-05-12 05:17办理退租'),(140,74,11,'2017-05-12 17:17:04',NULL,'在2017-05-12 05:17办理退租'),(141,55,11,'2017-05-12 17:17:07',NULL,'在2017-05-12 05:17办理退租'),(142,52,11,'2017-05-12 17:17:09',NULL,'在2017-05-12 05:17办理退租'),(143,74,11,'2017-05-16 18:03:40',NULL,'在2017-05-16 06:03办理退租'),(144,57,11,'2017-05-16 18:03:44',NULL,'在2017-05-16 06:03办理退租'),(145,52,11,'2017-05-16 18:08:34',NULL,'在2017-05-16 06:08办理退租'),(146,52,11,'2017-05-16 18:09:52',NULL,'在2017-05-16 06:09办理退租'),(147,52,11,'2017-05-16 18:12:40',NULL,'在2017-05-16 06:12办理退租'),(148,52,11,'2017-05-16 18:45:54',NULL,'在2017-05-16 06:45办理续租'),(149,52,11,'2017-05-16 18:48:37',NULL,'在2017-05-16 06:48办理续租'),(150,52,11,'2017-05-16 18:52:08',NULL,'在2017-05-16 06:52办理续租'),(151,52,11,'2017-05-16 18:53:39',NULL,'在2017-05-16 06:53办理续租'),(152,74,11,'2017-05-16 18:55:31',NULL,'在2017-05-16 06:55办理续租'),(153,52,11,'2017-05-16 18:56:05',NULL,'在2017-05-16 06:56办理退租'),(154,55,11,'2017-05-17 09:18:54',NULL,'在2017-05-17 09:18办理退租'),(155,52,11,'2017-05-17 09:18:58',NULL,'在2017-05-17 09:18办理退租'),(156,74,11,'2017-05-17 10:27:22',NULL,'在2017-05-17 10:27办理退租'),(157,74,11,'2017-05-17 13:14:02',NULL,'在2017-05-17 01:14办理退租'),(158,73,11,'2017-05-17 13:14:11',NULL,'在2017-05-17 01:14办理退租'),(159,55,11,'2017-05-17 13:19:10',NULL,'在2017-05-17 01:19办理续租'),(160,55,11,'2017-05-17 13:24:02',NULL,'在2017-05-17 01:24办理续租'),(161,55,11,'2017-05-17 13:26:44',NULL,'在2017-05-17 01:26办理续租'),(162,55,11,'2017-05-17 13:30:13',NULL,'在2017-05-17 01:30办理续租'),(163,55,11,'2017-05-17 13:31:15',NULL,'在2017-05-17 01:31办理续租'),(164,52,11,'2017-05-17 13:32:20',NULL,'在2017-05-17 01:32办理续租'),(165,74,11,'2017-05-17 13:36:37',NULL,'在2017-05-17 01:36办理续租'),(166,74,11,'2017-05-17 13:37:55',NULL,'在2017-05-17 01:37办理续租'),(167,74,11,'2017-05-17 14:04:59',NULL,'在2017-05-17 02:04办理退租'),(168,55,11,'2017-05-17 14:05:08',NULL,'在2017-05-17 02:05办理退租'),(169,52,11,'2017-05-17 14:10:55',NULL,'在2017-05-17 02:10办理退租'),(170,55,11,'2017-05-17 15:12:59',NULL,'在2017-05-17 03:12办理退租'),(171,52,11,'2017-05-17 15:13:02',NULL,'在2017-05-17 03:13办理退租'),(172,72,11,'2017-05-17 15:25:37',NULL,'在2017-05-17 03:25办理退租'),(173,55,11,'2017-05-17 15:25:48',NULL,'在2017-05-17 03:25办理退租'),(174,52,11,'2017-05-17 15:26:03',NULL,'在2017-05-17 03:26办理退租'),(175,74,11,'2017-05-17 15:27:23',NULL,'在2017-05-17 03:27办理退租'),(176,74,11,'2017-05-17 15:37:11',NULL,'在2017-05-17 03:37办理退租'),(177,73,11,'2017-05-17 15:37:14',NULL,'在2017-05-17 03:37办理退租'),(178,55,11,'2017-05-17 15:37:17',NULL,'在2017-05-17 03:37办理退租'),(179,52,11,'2017-05-17 15:37:22',NULL,'在2017-05-17 03:37办理退租'),(180,63,11,'2017-05-17 15:56:26',NULL,'在2017-05-17 03:56办理退租'),(181,64,11,'2017-05-17 15:56:30',NULL,'在2017-05-17 03:56办理退租'),(182,74,11,'2017-05-17 15:56:32',NULL,'在2017-05-17 03:56办理退租'),(183,73,19,'2017-05-17 15:59:03',NULL,'在2017-05-17 03:59办理退租'),(184,55,19,'2017-05-17 16:01:35',NULL,'在2017-05-17 04:01办理退租'),(185,52,19,'2017-05-17 16:02:25',NULL,'在2017-05-17 04:02办理退租'),(186,74,19,'2017-05-17 16:03:37',NULL,'在2017-05-17 04:03办理退租'),(187,73,19,'2017-05-17 16:05:15',NULL,'在2017-05-17 04:05办理退租'),(188,55,19,'2017-05-17 16:05:50',NULL,'在2017-05-17 04:05办理退租'),(189,52,19,'2017-05-17 16:06:02',NULL,'在2017-05-17 04:06办理退租'),(190,55,11,'2017-05-17 16:46:01',NULL,'在2017-05-17 04:46办理退租'),(191,52,11,'2017-05-17 16:46:04',NULL,'在2017-05-17 04:46办理退租'),(192,74,11,'2017-05-17 16:46:07',NULL,'在2017-05-17 04:46办理退租'),(193,55,11,'2017-05-17 16:50:18',NULL,'在2017-05-17 04:50办理退租'),(194,52,11,'2017-05-17 16:50:33',NULL,'在2017-05-17 04:50办理退租'),(195,55,11,'2017-05-17 16:53:28',NULL,'在2017-05-17 04:53办理退租'),(196,52,11,'2017-05-17 16:53:40',NULL,'在2017-05-17 04:53办理退租'),(197,55,11,'2017-05-17 16:56:34',NULL,'在2017-05-17 04:56办理退租'),(198,52,11,'2017-05-17 16:57:25',NULL,'在2017-05-17 04:57办理退租'),(199,55,11,'2017-05-17 17:02:06',NULL,'在2017-05-17 05:02办理退租'),(200,52,11,'2017-05-17 17:04:36',NULL,'在2017-05-17 05:04办理退租'),(201,55,11,'2017-05-17 17:07:28',NULL,'在2017-05-17 05:07办理退租'),(202,55,11,'2017-05-17 17:10:09',NULL,'在2017-05-17 05:10办理退租'),(203,52,11,'2017-05-17 17:10:49',NULL,'在2017-05-17 05:10办理退租'),(204,55,11,'2017-05-17 17:14:09',NULL,'在2017-05-17 05:14办理退租'),(205,52,11,'2017-05-17 17:14:28',NULL,'在2017-05-17 05:14办理退租'),(206,55,11,'2017-05-17 17:17:26',NULL,'在2017-05-17 05:17办理退租'),(207,52,11,'2017-05-17 17:17:28',NULL,'在2017-05-17 05:17办理退租'),(208,55,11,'2017-05-17 17:20:06',NULL,'在2017-05-17 05:20办理退租'),(209,52,11,'2017-05-17 17:20:09',NULL,'在2017-05-17 05:20办理退租'),(210,55,11,'2017-05-17 17:26:45',NULL,'在2017-05-17 05:26办理退租'),(211,52,11,'2017-05-17 17:26:47',NULL,'在2017-05-17 05:26办理退租'),(212,55,11,'2017-05-17 17:34:47',NULL,'在2017-05-17 05:34办理续租'),(213,72,19,'2017-05-17 17:36:08',NULL,'在2017-05-17 05:36办理续租'),(214,72,19,'2017-05-17 17:40:12',NULL,'在2017-05-17 05:40办理续租'),(215,72,19,'2017-05-17 17:40:33',NULL,'在2017-05-17 05:40办理退租');
/*!40000 ALTER TABLE `rent_record` ENABLE KEYS */;
UNLOCK TABLES;

--
-- Table structure for table `renter`
--

DROP TABLE IF EXISTS `renter`;
/*!40101 SET @saved_cs_client     = @@character_set_client */;
/*!40101 SET character_set_client = utf8 */;
CREATE TABLE `renter` (
  `id` bigint(20) unsigned NOT NULL AUTO_INCREMENT COMMENT '自增主键',
  `name` varchar(45) NOT NULL,
  `gender` tinyint(1) unsigned NOT NULL DEFAULT '0' COMMENT '0是未知，1是男，2是女',
  `credentials_type` tinyint(4) unsigned NOT NULL DEFAULT '0' COMMENT '证件类型',
  `credentials_number` varchar(45) NOT NULL COMMENT '证件号码',
  `birth_date` date DEFAULT NULL COMMENT '出生日期',
  `residence_address` varchar(45) DEFAULT NULL COMMENT '户籍地址',
  `nation` tinyint(4) unsigned NOT NULL COMMENT '民族',
  `phone` varchar(45) NOT NULL COMMENT '联系电话',
  `sign_apartment` varchar(45) DEFAULT NULL COMMENT '签发机关',
  `credentials_valid_start_date` datetime DEFAULT NULL COMMENT '证件有效期限开始时间',
  `credentials_valid_end_date` datetime DEFAULT NULL COMMENT '证件有效期限结束时间',
  `gmt_create` datetime DEFAULT NULL,
  `gmt_modified` datetime DEFAULT NULL,
  PRIMARY KEY (`id`),
  UNIQUE KEY `id_UNIQUE` (`id`)
) ENGINE=InnoDB AUTO_INCREMENT=20 DEFAULT CHARSET=utf8;
/*!40101 SET character_set_client = @saved_cs_client */;

--
-- Dumping data for table `renter`
--

LOCK TABLES `renter` WRITE;
/*!40000 ALTER TABLE `renter` DISABLE KEYS */;
INSERT INTO `renter` VALUES (1,'张启灵',0,0,'330724199105671234',NULL,NULL,1,'13353112345',NULL,NULL,NULL,NULL,'2017-04-28 18:03:28'),(2,'李福泉',0,0,'330724199105671235',NULL,NULL,2,'13353112345',NULL,NULL,NULL,NULL,'2017-04-28 18:03:32'),(3,'王新知',0,0,'330724199105671236',NULL,NULL,1,'13353112987',NULL,NULL,NULL,NULL,'2017-03-01 18:03:39'),(4,'陈三放',0,0,'330724199105671237',NULL,NULL,2,'13353112123',NULL,NULL,NULL,NULL,'2017-04-28 18:03:34'),(5,'赖四崆',0,0,'330724199105671238',NULL,NULL,2,'13353112258',NULL,NULL,NULL,NULL,'2017-03-01 18:03:45'),(6,'王岗辉',0,0,'330724199105671239',NULL,NULL,1,'13353112645',NULL,NULL,NULL,NULL,NULL),(7,'王汉濡',0,0,'330724199105671233',NULL,NULL,2,'13353112235',NULL,NULL,NULL,NULL,NULL),(8,'孙恒',0,0,'330724199105671232',NULL,NULL,1,'13353112336',NULL,NULL,NULL,NULL,NULL),(9,'孙傅',0,0,'330724199105671231',NULL,NULL,2,'13353112437',NULL,NULL,NULL,NULL,NULL),(10,'赵斌',0,0,'330724199105671230',NULL,NULL,2,'13353112538',NULL,NULL,NULL,NULL,NULL),(11,'魏文龙',1,0,'422202199505105735','1995-05-10','湖北省应城市天鹅镇江河村西魏湾4',1,'13860123456','应城市公安局','2012-01-17 00:00:00','2022-01-17 00:00:00',NULL,'2017-05-06 17:03:29'),(12,'房建勋',1,0,'411325199010024594','1990-10-02','河南省唐河县龙潭镇岗陈村岗陈112号',1,'13015659221','唐河县公安局','2007-04-06 00:00:00','2017-04-06 00:00:00','2017-04-28 11:15:44','2017-04-28 13:46:13'),(18,'周跃军',1,0,'330719198203124312','1982-03-12','杭州市西湖区文三路１９９号３０９室',1,'未知','杭州市公安局西湖分局','2012-03-30 00:00:00','2032-03-30 00:00:00','2017-05-08 14:22:46','2017-05-08 14:22:46'),(19,'张钰杰',1,0,'350206199311105011','1993-11-10','福建省厦门市湖里区乌石浦二里113号401室',1,'未知','厦门市公安局湖里分局','2010-08-27 00:00:00','2020-08-27 00:00:00','2017-05-12 12:31:56','2017-05-12 12:31:56');
/*!40000 ALTER TABLE `renter` ENABLE KEYS */;
UNLOCK TABLES;

--
-- Table structure for table `role`
--

DROP TABLE IF EXISTS `role`;
/*!40101 SET @saved_cs_client     = @@character_set_client */;
/*!40101 SET character_set_client = utf8 */;
CREATE TABLE `role` (
  `id` bigint(20) unsigned NOT NULL AUTO_INCREMENT,
  `gmt_create` datetime DEFAULT NULL COMMENT '创建时间',
  `gmt_modified` datetime DEFAULT NULL COMMENT '修改时间',
  `name` varchar(24) NOT NULL COMMENT '名称',
  `role_type` tinyint(4) unsigned NOT NULL COMMENT '角色类型',
  `remark` varchar(45) DEFAULT NULL COMMENT '备注',
  `status` tinyint(1) unsigned NOT NULL DEFAULT '1' COMMENT '角色状态：0是异常，1是正常',
  PRIMARY KEY (`id`),
  UNIQUE KEY `id_UNIQUE` (`id`),
  UNIQUE KEY `name_UNIQUE` (`name`),
  UNIQUE KEY `role_type_UNIQUE` (`role_type`)
) ENGINE=InnoDB AUTO_INCREMENT=7 DEFAULT CHARSET=utf8 COMMENT='角色';
/*!40101 SET character_set_client = @saved_cs_client */;

--
-- Dumping data for table `role`
--

LOCK TABLES `role` WRITE;
/*!40000 ALTER TABLE `role` DISABLE KEYS */;
INSERT INTO `role` VALUES (1,'2017-02-23 20:39:30','2017-02-23 20:39:33','systemAdmin',0,'系统管理员',1),(2,'2017-02-23 20:39:36','2017-02-23 20:39:39','platAdmin',1,'平台管理员',1),(3,'2017-04-18 11:03:10','2017-04-18 11:03:13','regionAdmin',2,'区域管理员',1),(4,'2017-04-18 11:04:06','2017-04-18 11:04:09','communityAdmin',3,'社区管理员',1),(5,'2017-04-18 11:05:41','2017-04-18 11:05:43','customService',4,'客服',1),(6,'2017-04-18 11:05:52','2017-04-18 11:05:57','arrestPoint',5,'驻点人员',1);
/*!40000 ALTER TABLE `role` ENABLE KEYS */;
UNLOCK TABLES;

--
-- Table structure for table `role_has_menu`
--

DROP TABLE IF EXISTS `role_has_menu`;
/*!40101 SET @saved_cs_client     = @@character_set_client */;
/*!40101 SET character_set_client = utf8 */;
CREATE TABLE `role_has_menu` (
  `id` bigint(20) unsigned NOT NULL AUTO_INCREMENT,
  `gmt_create` datetime DEFAULT NULL COMMENT '创建时间',
  `gmt_modified` datetime DEFAULT NULL COMMENT '修改时间',
  `role_id` bigint(20) unsigned NOT NULL,
  `menu_id` bigint(20) unsigned NOT NULL,
  PRIMARY KEY (`id`,`role_id`,`menu_id`),
  UNIQUE KEY `id_UNIQUE` (`id`),
  KEY `fk_role_has_menu_role1_idx` (`role_id`),
  KEY `fk_role_has_menu_menu1_idx` (`menu_id`),
  CONSTRAINT `fk_role_has_menu_menu1` FOREIGN KEY (`menu_id`) REFERENCES `menu` (`id`) ON DELETE NO ACTION ON UPDATE NO ACTION,
  CONSTRAINT `fk_role_has_menu_role1` FOREIGN KEY (`role_id`) REFERENCES `role` (`id`) ON DELETE NO ACTION ON UPDATE NO ACTION
) ENGINE=InnoDB AUTO_INCREMENT=27 DEFAULT CHARSET=utf8;
/*!40101 SET character_set_client = @saved_cs_client */;

--
-- Dumping data for table `role_has_menu`
--

LOCK TABLES `role_has_menu` WRITE;
/*!40000 ALTER TABLE `role_has_menu` DISABLE KEYS */;
INSERT INTO `role_has_menu` VALUES (1,'2017-02-23 20:41:45','2017-02-23 20:41:48',1,1),(2,'2017-02-23 20:41:54','2017-02-23 20:41:56',1,2),(3,'2017-02-23 20:42:00','2017-02-23 20:42:03',1,3),(4,'2017-02-23 20:42:06','2017-02-23 20:42:09',1,4),(5,'2017-02-23 20:42:12','2017-02-23 20:42:15',1,5),(6,'2017-02-23 20:42:20','2017-02-23 20:42:22',1,6),(7,'2017-02-23 20:42:26','2017-02-23 20:42:28',1,7),(8,'2017-02-23 20:42:33','2017-02-23 20:42:35',1,8),(9,'2017-02-23 20:42:39','2017-02-23 20:42:42',2,1),(10,'2017-02-23 20:42:46','2017-02-23 20:42:48',2,2),(11,'2017-02-23 20:42:52','2017-02-23 20:42:55',2,5),(12,'2017-02-23 20:42:59','2017-02-23 20:43:01',2,6),(13,'2017-02-23 20:43:06','2017-02-23 20:43:08',2,7),(14,'2017-02-23 20:43:11','2017-02-23 20:43:13',2,8),(15,'2017-04-18 11:17:40','2017-04-18 11:17:43',4,9),(16,'2017-04-19 10:41:44','2017-04-19 10:41:46',2,10),(17,'2017-04-19 11:02:21','2017-04-19 11:02:23',4,11),(18,'2017-04-19 11:02:37','2017-04-19 11:02:41',4,12),(19,'2017-04-21 11:18:00','2017-04-21 11:18:04',4,13),(20,'2017-04-21 11:18:20','2017-04-21 11:18:22',4,14),(21,'2017-04-21 11:38:35','2017-04-21 11:38:38',4,15),(22,'2017-04-21 11:38:51','2017-04-21 11:38:53',4,16),(23,'2017-04-21 11:39:05','2017-04-21 11:39:07',4,17),(24,'2017-04-21 11:45:30','2017-04-21 11:45:34',4,18),(25,'2017-04-21 13:14:05','2017-04-21 13:14:07',4,19),(26,'2017-04-21 13:14:21','2017-04-21 13:14:24',4,20);
/*!40000 ALTER TABLE `role_has_menu` ENABLE KEYS */;
UNLOCK TABLES;

--
-- Table structure for table `user`
--

DROP TABLE IF EXISTS `user`;
/*!40101 SET @saved_cs_client     = @@character_set_client */;
/*!40101 SET character_set_client = utf8 */;
CREATE TABLE `user` (
  `id` bigint(20) unsigned NOT NULL AUTO_INCREMENT,
  `gmt_create` datetime DEFAULT NULL COMMENT '创建时间',
  `gmt_modified` datetime DEFAULT NULL COMMENT '修改时间',
  `username` varchar(45) NOT NULL,
  `password` varchar(60) NOT NULL,
  `alias_name` varchar(45) DEFAULT NULL COMMENT '别名',
  `email` varchar(45) DEFAULT NULL COMMENT '邮箱地址',
  `cellphone` varchar(45) DEFAULT NULL COMMENT '手机号码',
  `remark` varchar(45) DEFAULT NULL,
  `creator_id` bigint(20) unsigned NOT NULL,
  `is_locked` tinyint(1) unsigned NOT NULL DEFAULT '1' COMMENT '账户状态：0是锁定，1是正常',
  `token` varchar(149) DEFAULT NULL COMMENT '采用移动端方式登录时的JWT令牌',
  PRIMARY KEY (`id`),
  UNIQUE KEY `id_UNIQUE` (`id`),
  UNIQUE KEY `username_UNIQUE` (`username`)
) ENGINE=InnoDB AUTO_INCREMENT=103 DEFAULT CHARSET=utf8;
/*!40101 SET character_set_client = @saved_cs_client */;

--
-- Dumping data for table `user`
--

LOCK TABLES `user` WRITE;
/*!40000 ALTER TABLE `user` DISABLE KEYS */;
INSERT INTO `user` VALUES (1,'2017-02-07 20:56:00','2017-02-23 20:45:30','systemAdmin','$2a$10$YjIbDe4TvdLapksPLotvD.V0S2n.6.gs6ztF8mQ0tA2Ql9MDtRtiy','系统管理员',NULL,NULL,NULL,0,1,NULL),(2,'2017-02-07 20:56:56','2017-02-23 20:45:33','platAdmin','$2a$10$cGg089NSBbCpKXvf6bQXu.ICgHuZznwm3jDCCoS7LqixOnriGDsfe','平台管理员',NULL,NULL,NULL,1,1,NULL),(3,'2017-02-15 21:38:47',NULL,'test1','$2a$10$/l/Z2HUuHlYxLxFVBDk56erR/tBVdFG6YEOFRPO/XA.wBHE6iPgd6','测试1',NULL,NULL,NULL,2,1,NULL),(4,'2017-02-15 21:39:19',NULL,'test2','2','测试2',NULL,NULL,NULL,2,1,NULL),(5,'2017-02-15 21:39:40',NULL,'test3','3','测试3',NULL,NULL,NULL,2,1,NULL),(6,'2017-02-15 21:39:57',NULL,'test4','4','测试4',NULL,NULL,NULL,2,1,NULL),(7,'2017-02-15 21:40:15',NULL,'test5','5','测试5',NULL,NULL,NULL,2,1,NULL),(8,'2017-02-15 21:40:36',NULL,'test6','6','测试6',NULL,NULL,NULL,2,1,NULL),(9,'2017-02-15 21:40:49',NULL,'test7','7','测试7',NULL,NULL,NULL,2,1,NULL),(10,'2017-02-15 21:41:03',NULL,'test8','8','测试8',NULL,NULL,NULL,2,1,NULL),(11,'2017-02-15 21:41:20',NULL,'test9','9','测试9',NULL,NULL,NULL,2,1,NULL),(12,'2017-02-15 21:41:44',NULL,'test10','10','测试10',NULL,NULL,NULL,2,1,NULL),(13,'2017-02-15 22:00:19',NULL,'test13','123456','测试13',NULL,NULL,NULL,2,1,NULL),(14,'2017-02-15 22:00:19',NULL,'test14','123456','测试14',NULL,NULL,NULL,2,1,NULL),(15,'2017-02-15 22:00:19',NULL,'test15','123456','测试15',NULL,NULL,NULL,2,1,NULL),(16,'2017-02-15 22:00:19',NULL,'test16','123456','测试16',NULL,NULL,NULL,2,1,NULL),(17,'2017-02-15 22:00:19',NULL,'test17','123456','测试17',NULL,NULL,NULL,2,1,NULL),(18,'2017-02-15 22:00:19',NULL,'test18','123456','测试18',NULL,NULL,NULL,2,1,NULL),(19,'2017-02-15 22:00:19',NULL,'test19','123456','测试19',NULL,NULL,NULL,2,1,NULL),(20,'2017-02-15 22:00:19',NULL,'test20','123456','测试20',NULL,NULL,NULL,2,1,NULL),(21,'2017-02-15 22:00:19',NULL,'test21','123456','测试21',NULL,NULL,NULL,2,1,NULL),(22,'2017-02-15 22:00:19',NULL,'test22','123456','测试22',NULL,NULL,NULL,2,1,NULL),(23,'2017-02-15 22:00:19',NULL,'test23','123456','测试23',NULL,NULL,NULL,2,1,NULL),(24,'2017-02-15 22:00:19',NULL,'test24','123456','测试24',NULL,NULL,NULL,2,1,NULL),(25,'2017-02-15 22:00:19',NULL,'test25','123456','测试25',NULL,NULL,NULL,2,1,NULL),(26,'2017-02-15 22:00:19',NULL,'test26','123456','测试26',NULL,NULL,NULL,2,1,NULL),(27,'2017-02-15 22:00:19',NULL,'test27','123456','测试27',NULL,NULL,NULL,2,1,NULL),(28,'2017-02-15 22:00:19',NULL,'test28','123456','测试28',NULL,NULL,NULL,2,1,NULL),(29,'2017-02-15 22:00:19',NULL,'test29','123456','测试29',NULL,NULL,NULL,2,1,NULL),(30,'2017-02-15 22:00:19',NULL,'test30','123456','测试30',NULL,NULL,NULL,2,1,NULL),(31,'2017-02-15 22:00:19',NULL,'test31','123456','测试31',NULL,NULL,NULL,2,1,NULL),(32,'2017-02-15 22:00:19',NULL,'test32','123456','测试32',NULL,NULL,NULL,2,1,NULL),(33,'2017-02-15 22:00:19',NULL,'test33','123456','测试33',NULL,NULL,NULL,2,1,NULL),(34,'2017-02-15 22:00:19',NULL,'test34','123456','测试34',NULL,NULL,NULL,2,1,NULL),(35,'2017-02-15 22:00:19',NULL,'test35','123456','测试35',NULL,NULL,NULL,2,1,NULL),(36,'2017-02-15 22:00:19',NULL,'test36','123456','测试36',NULL,NULL,NULL,2,1,NULL),(37,'2017-02-15 22:00:19',NULL,'test37','123456','测试37',NULL,NULL,NULL,2,1,NULL),(38,'2017-02-15 22:00:19',NULL,'test38','123456','测试38',NULL,NULL,NULL,2,1,NULL),(39,'2017-02-15 22:00:19',NULL,'test39','123456','测试39',NULL,NULL,NULL,2,1,NULL),(40,'2017-02-15 22:00:19',NULL,'test40','123456','测试40',NULL,NULL,NULL,2,1,NULL),(41,'2017-02-15 22:00:19',NULL,'test41','123456','测试41',NULL,NULL,NULL,2,1,NULL),(42,'2017-02-15 22:00:19',NULL,'test42','123456','测试42',NULL,NULL,NULL,2,1,NULL),(43,'2017-02-15 22:00:19',NULL,'test43','123456','测试43',NULL,NULL,NULL,2,1,NULL),(44,'2017-02-15 22:00:19',NULL,'test44','123456','测试44',NULL,NULL,NULL,2,1,NULL),(45,'2017-02-15 22:00:19',NULL,'test45','123456','测试45',NULL,NULL,NULL,2,1,NULL),(46,'2017-02-15 22:00:19',NULL,'test46','123456','测试46',NULL,NULL,NULL,2,1,NULL),(47,'2017-02-15 22:00:19',NULL,'test47','123456','测试47',NULL,NULL,NULL,2,1,NULL),(48,'2017-02-15 22:00:19',NULL,'test48','123456','测试48',NULL,NULL,NULL,2,1,NULL),(49,'2017-02-15 22:00:19',NULL,'test49','123456','测试49',NULL,NULL,NULL,2,1,NULL),(50,'2017-02-15 22:00:19',NULL,'test50','123456','测试50',NULL,NULL,NULL,2,1,NULL),(51,'2017-02-15 22:00:19',NULL,'test51','123456','测试51',NULL,NULL,NULL,2,1,NULL),(52,'2017-02-15 22:00:19',NULL,'test52','123456','测试52',NULL,NULL,NULL,2,1,NULL),(53,'2017-02-15 22:00:19',NULL,'test53','123456','测试53',NULL,NULL,NULL,2,1,NULL),(54,'2017-02-15 22:00:19',NULL,'test54','123456','测试54',NULL,NULL,NULL,2,1,NULL),(55,'2017-02-15 22:00:19',NULL,'test55','123456','测试55',NULL,NULL,NULL,2,1,NULL),(56,'2017-02-15 22:00:19',NULL,'test56','123456','测试56',NULL,NULL,NULL,2,1,NULL),(57,'2017-02-15 22:00:19',NULL,'test57','123456','测试57',NULL,NULL,NULL,2,1,NULL),(58,'2017-02-15 22:00:19',NULL,'test58','123456','测试58',NULL,NULL,NULL,2,1,NULL),(59,'2017-02-15 22:00:19',NULL,'test59','123456','测试59',NULL,NULL,NULL,2,1,NULL),(60,'2017-02-15 22:00:19',NULL,'test60','123456','测试60',NULL,NULL,NULL,2,1,NULL),(61,'2017-02-15 22:00:19',NULL,'test61','123456','测试61',NULL,NULL,NULL,2,1,NULL),(62,'2017-02-15 22:00:19',NULL,'test62','123456','测试62',NULL,NULL,NULL,2,1,NULL),(63,'2017-02-15 22:00:19',NULL,'test63','123456','测试63',NULL,NULL,NULL,2,1,NULL),(64,'2017-02-15 22:00:19',NULL,'test64','123456','测试64',NULL,NULL,NULL,2,1,NULL),(65,'2017-02-15 22:00:19',NULL,'test65','123456','测试65',NULL,NULL,NULL,2,1,NULL),(66,'2017-02-15 22:00:19',NULL,'test66','123456','测试66',NULL,NULL,NULL,2,1,NULL),(67,'2017-02-15 22:00:19',NULL,'test67','123456','测试67',NULL,NULL,NULL,2,1,NULL),(68,'2017-02-15 22:00:19',NULL,'test68','123456','测试68',NULL,NULL,NULL,2,1,NULL),(69,'2017-02-15 22:00:19',NULL,'test69','123456','测试69',NULL,NULL,NULL,2,1,NULL),(70,'2017-02-15 22:00:19',NULL,'test70','123456','测试70',NULL,NULL,NULL,2,1,NULL),(71,'2017-02-15 22:00:19',NULL,'test71','123456','测试71',NULL,NULL,NULL,2,1,NULL),(72,'2017-02-15 22:00:19',NULL,'test72','123456','测试72',NULL,NULL,NULL,2,1,NULL),(73,'2017-02-15 22:00:19',NULL,'test73','123456','测试73',NULL,NULL,NULL,2,1,NULL),(74,'2017-02-15 22:00:19',NULL,'test74','123456','测试74',NULL,NULL,NULL,2,1,NULL),(75,'2017-02-15 22:00:19',NULL,'test75','123456','测试75',NULL,NULL,NULL,2,1,NULL),(76,'2017-02-15 22:00:19',NULL,'test76','123456','测试76',NULL,NULL,NULL,2,1,NULL),(77,'2017-02-15 22:00:19',NULL,'test77','123456','测试77',NULL,NULL,NULL,2,1,NULL),(78,'2017-02-15 22:00:19',NULL,'test78','123456','测试78',NULL,NULL,NULL,2,1,NULL),(79,'2017-02-15 22:00:19',NULL,'test79','123456','测试79',NULL,NULL,NULL,2,1,NULL),(80,'2017-02-15 22:00:19',NULL,'test80','123456','测试80',NULL,NULL,NULL,2,1,NULL),(81,'2017-02-15 22:00:19',NULL,'test81','123456','测试81',NULL,NULL,NULL,2,1,NULL),(82,'2017-02-15 22:00:19',NULL,'test82','123456','测试82',NULL,NULL,NULL,2,1,NULL),(83,'2017-02-15 22:00:19',NULL,'test83','123456','测试83',NULL,NULL,NULL,2,1,NULL),(84,'2017-02-15 22:00:19',NULL,'test84','123456','测试84',NULL,NULL,NULL,2,1,NULL),(85,'2017-02-15 22:00:19',NULL,'test85','123456','测试85',NULL,NULL,NULL,2,1,NULL),(86,'2017-02-15 22:00:19',NULL,'test86','123456','测试86',NULL,NULL,NULL,2,1,NULL),(87,'2017-02-15 22:00:19',NULL,'test87','123456','测试87',NULL,NULL,NULL,2,1,NULL),(88,'2017-02-15 22:00:19',NULL,'test88','123456','测试88',NULL,NULL,NULL,2,1,NULL),(89,'2017-02-15 22:00:19',NULL,'test89','123456','测试89',NULL,NULL,NULL,2,1,NULL),(90,'2017-02-15 22:00:19',NULL,'test90','123456','测试90',NULL,NULL,NULL,2,1,NULL),(91,'2017-02-15 22:00:19',NULL,'test91','123456','测试91',NULL,NULL,NULL,2,1,NULL),(92,'2017-02-15 22:00:19',NULL,'test92','123456','测试92',NULL,NULL,NULL,2,1,NULL),(93,'2017-02-15 22:00:19',NULL,'test93','123456','测试93',NULL,NULL,NULL,2,1,NULL),(94,'2017-02-15 22:00:19',NULL,'test94','123456','测试94',NULL,NULL,NULL,2,1,NULL),(95,'2017-02-15 22:00:19',NULL,'test95','123456','测试95',NULL,NULL,NULL,2,1,NULL),(96,'2017-02-15 22:00:19',NULL,'test96','123456','测试96',NULL,NULL,NULL,2,1,NULL),(97,'2017-02-15 22:00:19',NULL,'test97','123456','测试97',NULL,NULL,NULL,2,1,NULL),(98,'2017-02-15 22:00:19',NULL,'test98','123456','测试98',NULL,NULL,NULL,2,1,NULL),(99,'2017-02-15 22:00:19',NULL,'test99','123456','测试99',NULL,NULL,NULL,2,1,NULL),(100,'2017-04-18 11:00:07','2017-04-18 11:00:11','shequ','$2a$10$arUUzIDkx44zG4R/D8k0I.GtmI3XoDJMPRpXR51sLhPdw/nhZp6HS','XX社区',NULL,NULL,NULL,2,1,NULL);
/*!40000 ALTER TABLE `user` ENABLE KEYS */;
UNLOCK TABLES;

--
-- Table structure for table `user_has_role`
--

DROP TABLE IF EXISTS `user_has_role`;
/*!40101 SET @saved_cs_client     = @@character_set_client */;
/*!40101 SET character_set_client = utf8 */;
CREATE TABLE `user_has_role` (
  `id` bigint(20) unsigned NOT NULL AUTO_INCREMENT,
  `gmt_create` datetime DEFAULT NULL COMMENT '创建时间',
  `gmt_modified` datetime DEFAULT NULL COMMENT '修改时间',
  `user_id` bigint(20) unsigned NOT NULL,
  `role_id` bigint(20) unsigned NOT NULL,
  PRIMARY KEY (`id`,`user_id`,`role_id`),
  UNIQUE KEY `id_UNIQUE` (`id`),
  KEY `fk_user_has_role_user_idx` (`user_id`),
  KEY `fk_user_has_role_role1_idx` (`role_id`),
  CONSTRAINT `fk_user_has_role_role1` FOREIGN KEY (`role_id`) REFERENCES `role` (`id`) ON DELETE NO ACTION ON UPDATE NO ACTION,
  CONSTRAINT `fk_user_has_role_user` FOREIGN KEY (`user_id`) REFERENCES `user` (`id`) ON DELETE NO ACTION ON UPDATE NO ACTION
) ENGINE=InnoDB AUTO_INCREMENT=4 DEFAULT CHARSET=utf8;
/*!40101 SET character_set_client = @saved_cs_client */;

--
-- Dumping data for table `user_has_role`
--

LOCK TABLES `user_has_role` WRITE;
/*!40000 ALTER TABLE `user_has_role` DISABLE KEYS */;
INSERT INTO `user_has_role` VALUES (1,'2017-02-23 20:38:54','2017-02-23 20:39:02',1,1),(2,'2017-02-23 20:38:59','2017-02-23 20:39:07',2,2),(3,'2017-04-18 11:14:03','2017-04-18 11:14:06',100,4);
/*!40000 ALTER TABLE `user_has_role` ENABLE KEYS */;
UNLOCK TABLES;
/*!40103 SET TIME_ZONE=@OLD_TIME_ZONE */;

/*!40101 SET SQL_MODE=@OLD_SQL_MODE */;
/*!40014 SET FOREIGN_KEY_CHECKS=@OLD_FOREIGN_KEY_CHECKS */;
/*!40014 SET UNIQUE_CHECKS=@OLD_UNIQUE_CHECKS */;
/*!40101 SET CHARACTER_SET_CLIENT=@OLD_CHARACTER_SET_CLIENT */;
/*!40101 SET CHARACTER_SET_RESULTS=@OLD_CHARACTER_SET_RESULTS */;
/*!40101 SET COLLATION_CONNECTION=@OLD_COLLATION_CONNECTION */;
/*!40111 SET SQL_NOTES=@OLD_SQL_NOTES */;

-- Dump completed on 2017-05-17 18:17:45
